{
	"format_version": "1.12.0",
	"minecraft:geometry": [
		{
			"description": {
				"identifier": "geometry.tsunami_tnt",
				"texture_width": 128,
				"texture_height": 128,
				"visible_bounds_width": 3,
				"visible_bounds_height": 2.5,
				"visible_bounds_offset": [0, 0.75, 0]
			},
			"bones": [
				{
					"name": "bb_main",
					"pivot": [0, 0, 0],
					"cubes": [
						{
							"origin": [-8, 0, -8],
							"size": [16, 16, 16],
							"uv": {
								"north": {
									"uv": [16.06, 48.06],
									"uv_size": [15.88, 15.88]
								},
								"east": {
									"uv": [0.06, 48.06],
									"uv_size": [15.88, 15.88]
								},
								"south": {
									"uv": [48.06, 48.06],
									"uv_size": [15.88, 15.88]
								},
								"west": {
									"uv": [32.06, 48.06],
									"uv_size": [15.88, 15.88]
								},
								"up": {
									"uv": [16.06, 32.06],
									"uv_size": [15.88, 15.88]
								},
								"down": {
									"uv": [32.06, 47.94],
									"uv_size": [15.88, -15.88]
								}
							}
						}
					]
				},
				{
					"name": "TNT",
					"pivot": [-2.2576, 9.058, 0.9576],
					"rotation": [-3.46159, -11.67028, -18.04283],
					"cubes": [
						{
							"origin": [-5.48656, 2.58389, -4.22236],
							"size": [9.53356, 9.53357, 9.53357],
							"uv": {
								"north": {
									"uv": [16.06, 16.06],
									"uv_size": [15.88, 15.88]
								},
								"east": {
									"uv": [0.06, 16.06],
									"uv_size": [15.88, 15.88]
								},
								"south": {
									"uv": [48.06, 16.06],
									"uv_size": [15.88, 15.88]
								},
								"west": {
									"uv": [32.06, 16.06],
									"uv_size": [15.88, 15.88]
								},
								"up": {
									"uv": [16.06, 0.06],
									"uv_size": [15.88, 15.88]
								},
								"down": {
									"uv": [32.06, 15.94],
									"uv_size": [15.88, -15.88]
								}
							}
						},
						{
							"origin": [-5.48656, 12.11746, 0.54442],
							"size": [9.53356, 3.57509, 0],
							"uv": {
								"north": {
									"uv": [0.06, 64.06],
									"uv_size": [15.88, 5.88]
								},
								"east": {
									"uv": [0.06, 64.06],
									"uv_size": [-0.12, 5.88]
								},
								"south": {
									"uv": [16.06, 64.06],
									"uv_size": [15.88, 5.88]
								},
								"west": {
									"uv": [16.06, 64.06],
									"uv_size": [-0.12, 5.88]
								},
								"up": {
									"uv": [0.06, 63.94],
									"uv_size": [15.88, 0.12]
								},
								"down": {
									"uv": [16.06, 63.94],
									"uv_size": [15.88, 0.12]
								}
							}
						}
					]
				},
				{
					"name": "drops",
					"pivot": [8.86375, 15.69375, -10.41125],
					"cubes": [
						{
							"origin": [-8.83, 11, 10.895],
							"size": [1.3875, 1.3875, 1.3875],
							"pivot": [-8.13625, 11.69375, 11.58875],
							"rotation": [31.11297, -35.91592, -7.08849],
							"uv": {
								"north": {
									"uv": [69.06, 5.06],
									"uv_size": [4.88, 4.88]
								},
								"east": {
									"uv": [64.06, 5.06],
									"uv_size": [4.88, 4.88]
								},
								"south": {
									"uv": [79.06, 5.06],
									"uv_size": [4.88, 4.88]
								},
								"west": {
									"uv": [74.06, 5.06],
									"uv_size": [4.88, 4.88]
								},
								"up": {
									"uv": [69.06, 0.06],
									"uv_size": [4.88, 4.88]
								},
								"down": {
									"uv": [74.06, 4.94],
									"uv_size": [4.88, -4.88]
								}
							}
						},
						{
							"origin": [11.8241, 6.53086, -6.71722],
							"size": [0.70762, 0.70762, 0.70762],
							"pivot": [12.17791, 6.88467, -6.36341],
							"rotation": [-25, -25, 0],
							"uv": {
								"north": {
									"uv": [69.06, 5.06],
									"uv_size": [4.88, 4.88]
								},
								"east": {
									"uv": [64.06, 5.06],
									"uv_size": [4.88, 4.88]
								},
								"south": {
									"uv": [79.06, 5.06],
									"uv_size": [4.88, 4.88]
								},
								"west": {
									"uv": [74.06, 5.06],
									"uv_size": [4.88, 4.88]
								},
								"up": {
									"uv": [69.06, 0.06],
									"uv_size": [4.88, 4.88]
								},
								"down": {
									"uv": [74.06, 4.94],
									"uv_size": [4.88, -4.88]
								}
							}
						},
						{
							"origin": [-9.1759, 5.53086, 9.28278],
							"size": [0.70762, 0.70762, 1.20762],
							"pivot": [-8.82209, 5.88467, 9.63659],
							"rotation": [-25, -25, 0],
							"uv": {
								"north": {
									"uv": [69.06, 5.06],
									"uv_size": [4.88, 4.88]
								},
								"east": {
									"uv": [64.06, 5.06],
									"uv_size": [4.88, 4.88]
								},
								"south": {
									"uv": [79.06, 5.06],
									"uv_size": [4.88, 4.88]
								},
								"west": {
									"uv": [74.06, 5.06],
									"uv_size": [4.88, 4.88]
								},
								"up": {
									"uv": [69.06, 0.06],
									"uv_size": [4.88, 4.88]
								},
								"down": {
									"uv": [74.06, 4.94],
									"uv_size": [4.88, -4.88]
								}
							}
						},
						{
							"origin": [9.8241, 16.53086, 9.28278],
							"size": [1.00762, 0.70762, 0.70762],
							"pivot": [10.17791, 16.88467, 9.63659],
							"rotation": [-9.98428, -33.48557, -30.11699],
							"uv": {
								"north": {
									"uv": [69.06, 5.06],
									"uv_size": [4.88, 4.88]
								},
								"east": {
									"uv": [64.06, 5.06],
									"uv_size": [4.88, 4.88]
								},
								"south": {
									"uv": [79.06, 5.06],
									"uv_size": [4.88, 4.88]
								},
								"west": {
									"uv": [74.06, 5.06],
									"uv_size": [4.88, 4.88]
								},
								"up": {
									"uv": [69.06, 0.06],
									"uv_size": [4.88, 4.88]
								},
								"down": {
									"uv": [74.06, 4.94],
									"uv_size": [4.88, -4.88]
								}
							}
						},
						{
							"origin": [-1.1759, 16.53086, 7.28278],
							"size": [0.70762, 0.70762, 1.10762],
							"pivot": [-0.82209, 16.88467, 7.63659],
							"rotation": [32.39287, 4.87039, -13.1732],
							"uv": {
								"north": {
									"uv": [69.06, 5.06],
									"uv_size": [4.88, 4.88]
								},
								"east": {
									"uv": [64.06, 5.06],
									"uv_size": [4.88, 4.88]
								},
								"south": {
									"uv": [79.06, 5.06],
									"uv_size": [4.88, 4.88]
								},
								"west": {
									"uv": [74.06, 5.06],
									"uv_size": [4.88, 4.88]
								},
								"up": {
									"uv": [69.06, 0.06],
									"uv_size": [4.88, 4.88]
								},
								"down": {
									"uv": [74.06, 4.94],
									"uv_size": [4.88, -4.88]
								}
							}
						},
						{
							"origin": [-12.6759, 7.53086, -6.71722],
							"size": [1.20762, 0.70762, 0.70762],
							"pivot": [-11.82209, 7.88467, -6.36341],
							"rotation": [34.19858, -18.25105, -28.27129],
							"uv": {
								"north": {
									"uv": [69.06, 5.06],
									"uv_size": [4.88, 4.88]
								},
								"east": {
									"uv": [64.06, 5.06],
									"uv_size": [4.88, 4.88]
								},
								"south": {
									"uv": [79.06, 5.06],
									"uv_size": [4.88, 4.88]
								},
								"west": {
									"uv": [74.06, 5.06],
									"uv_size": [4.88, 4.88]
								},
								"up": {
									"uv": [69.06, 0.06],
									"uv_size": [4.88, 4.88]
								},
								"down": {
									"uv": [74.06, 4.94],
									"uv_size": [4.88, -4.88]
								}
							}
						},
						{
							"origin": [-12.6759, 3.53086, -9.71722],
							"size": [1.20762, 0.70762, 0.70762],
							"pivot": [-11.82209, 3.88467, -9.36341],
							"rotation": [12.41604, -26.54289, -24.46481],
							"uv": {
								"north": {
									"uv": [69.06, 5.06],
									"uv_size": [4.88, 4.88]
								},
								"east": {
									"uv": [64.06, 5.06],
									"uv_size": [4.88, 4.88]
								},
								"south": {
									"uv": [79.06, 5.06],
									"uv_size": [4.88, 4.88]
								},
								"west": {
									"uv": [74.06, 5.06],
									"uv_size": [4.88, 4.88]
								},
								"up": {
									"uv": [69.06, 0.06],