{
	"format_version": "1.10.0",
	"animations": {
		"animation.goe_tnt.buttons.press": {
			"loop": true,
			"animation_length": 0.25,
			"bones": {
				"button": {
					"position": {
						"0.0": [0, 0, 0],
						"0.125": [0, -0.95372, -0.30071],
						"0.25": [0, 0, 0]
					}
				}
			}
		},
		"animation.goe_tnt.buttons.face_camera": {
			"loop": true,
			"bones": {
				"root": {
					"rotation": ["-q.camera_rotation(0) / 2", "q.camera_rotation(1) + 180", 0]
				}
			}
		},
		"animation.goe_tnt.buttons.spawn": {
			"loop": "hold_on_last_frame",
			"animation_length": 2,
			"bones": {
				"button": {
					"position": {
						"1.0": [0, -0.75, -0.5],
						"1.25": [0, 0, 0]
					}
				},
				"rock1": {
					"scale": {
						"0.1667": [0, 0, 0],
						"0.2083": [1, 0, 1],
						"0.375": [1, 1.1, 1],
						"0.4583": [1, 1, 1]
					}
				},
				"rock3": {
					"scale": {
						"0.0": [0, 0, 0],
						"0.0417": [1, 0, 1],
						"0.1667": [1, 1.1, 1],
						"0.2083": [1, 1, 1]
					}
				},
				"rock2": {
					"scale": {
						"0.25": [0, 0, 0],
						"0.2917": [1, 0, 1],
						"0.4583": [1, 1.1, 1],
						"0.5417": [1, 1, 1]
					}
				},
				"big_button": {
					"position": {
						"0.5": [0, -3, 0],
						"1.0": [0, 0, 0]
					},
					"scale": {
						"0.4583": [0, 0, 0],
						"0.5": [1, 0, 1],
						"1.0": [1, 1, 1]
					}
				}
			}
		},
		"animation.goe_tnt.buttons.cancel": {
			"loop": "hold_on_last_frame",
			"animation_length": 1.5,
			"bones": {
				"root": {
					"position": {
						"0.0": [0, 0, 0],
						"0.75": [0, 0, 0],
						"0.7917": [-0.5, 0, 0],
						"0.8333": [0.5, 0, 0],
						"0.9167": [0, 0, 0],
						"1.0": [0, 0, 0],
						"1.0833": [0, 0, 0],
						"1.2083": [0, -1, 0]
					},
					"scale": {
						"0.0": [1, 1, 1],
						"0.75": [1, 1, 1],
						"0.9167": [1, 1, 1],
						"1.0": [1.1, 1.2, 1],
						"1.0833": [1, 1.1, 1],
						"1.2083": [1, 0, 1],
						"1.25": [0, 0, 0]
					}
				},
				"rock1": {
					"scale": {
						"0.125": [1, 1, 1],
						"0.2083": [1, 1.4, 1],
						"0.2917": [1, 0, 1],
						"0.3333": [0, 0, 0]
					}
				},
				"rock3": {
					"scale": {
						"0.25": [1, 1, 1],
						"0.3333": [1, 1.4, 1],
						"0.4167": [1, 0, 1],
						"0.4583": [0, 0, 0]
					}
				},
				"rock2": {
					"scale": {
						"0.0833": [1, 1, 1],
						"0.1667": [1, 1.4, 1],
						"0.25": [1, 0, 1],
						"0.2917": [0, 0, 0]
					}
				},
				"big_button": {
					"position": {
						"0.0": [0, 0, 0],
						"0.75": [0, 0, 0],
						"0.7917": [-0.5, 0, 0],
						"0.8333": [0.5, 0, 0],
						"0.9167": [0, 0, 0],
						"1.0": [0, 0, 0],
						"1.0833": [0, 0, 0],
						"1.2083": [0, -1, 0]
					},
					"scale": {
						"0.0": [1, 1, 1],
						"0.75": [1, 1, 1],
						"0.9167": [1, 1, 1],
						"1.0": [1.1, 1.2, 1],
						"1.0833": [1, 1.1, 1],
						"1.2083": [1, 0, 1],
						"1.25": [0, 0, 0]
					}
				}
			}
		},
		"animation.goe_tnt.buttons.press_hold_last_frame": {
			"loop": "hold_on_last_frame",
			"animation_length": 0.25,
			"bones": {
				"button": {
					"position": {
						"0.0": [0, 0, 0],
						"0.125": [0, -0.95372, -0.30071],
						"0.25": [0, 0, 0]
					}
				}
			}
		}
	}
}