{
	"format_version": "1.8.0",
	"animations": {
		"animation.atmosphere_tnt.charge": {
			"animation_length": 2,
			"bones": {
				"bb_main": {
					"position": {
						"0.0": [0, 0, 0],
						"0.5": [0, 0, 0],
						"0.5833": [-1, 0, 0],
						"0.6667": [1, 0, 0],
						"0.75": [-1, 0, 0],
						"0.8333": [1, 0, 0],
						"0.9167": [-1, 0, 0],
						"1.0": [1, 0, 0],
						"1.0833": [-1, 0, 0],
						"1.1667": [1, 0, 0],
						"1.25": [-1, 0, 0],
						"1.3333": [1, 0, 0],
						"1.4167": [-1, 0, 0],
						"1.5": [1, 0, 0],
						"1.5833": [-1, 0, 0],
						"1.6667": [1, 0, 0],
						"1.75": [-1, 0, 0],
						"1.8333": [1, 0, 0],
						"2.0": [0, 0, 0]
					},
					"scale": {
						"0.0": [1, 1, 1],
						"2.0": [1, 1, 1]
					}
				},
				"bone": {
					"rotation": {
						"0.5": [0, 0, 0],
						"2.0": [0, 0, 720]
					},
					"scale": {
						"0.5": [1, 1, 1],
						"1.2917": [1.3, 1.3, 1],
						"2.0": [1, 1, 1]
					}
				},
				"bone2": {
					"rotation": {
						"0.5": [0, 0, 0],
						"2.0": [0, 0, 720]
					},
					"scale": {
						"0.5": [1, 1, 1],
						"1.2917": [1.3, 1.3, 1],
						"2.0": [1, 1, 1]
					}
				},
				"semitransparent_1": {
					"position": {
						"0.5": [0, 0, 0],
						"0.5417": [0, 0, 0],
						"1.25": [0, 22, 0],
						"1.2917": [0, 0, 0],
						"1.3333": [0, 0, 0],
						"1.9583": [0, 22, 0]
					},
					"scale": {
						"0.5": [0, 0, 0],
						"0.5417": [1, 1, 1],
						"0.875": [1, 1, 1],
						"1.25": [0, 0, 0],
						"1.2917": [0, 0, 0],
						"1.3333": [1, 1, 1],
						"1.6667": [1, 1, 1],
						"1.9583": [0, 0, 0]
					}
				},
				"semitransparent_2": {
					"position": {
						"0.5": [0, 0, 0],
						"1.5": [4, 8.67, -5.33],
						"2.0": [0, 13, -8]
					},
					"scale": {
						"0.5": [0, 0, 0],
						"0.5833": [1, 1, 1],
						"1.25": [1, 1, 1],
						"2.0": [0, 0, 0]
					}
				},
				"semitransparent_3": {
					"rotation": {
						"0.5": [0, 0, 0],
						"2.0": [0, 0, 25]
					},
					"position": {
						"0.5": [0, 0, 0],
						"2.0": [0.96593, 9.74118, 9]
					},
					"scale": {
						"0.5": [0, 0, 0],
						"1.0": [1, 1, 1],
						"1.1667": [1, 1, 1],
						"1.4167": [1, 1, 1],
						"2.0": [0, 0, 0]
					}
				},
				"lever": {
					"rotation": {
						"0.0": [0, 0, 0],
						"0.125": [22.5, 0, 0],
						"0.25": [-45, 0, 0],
						"0.5": [0, 0, 0]
					}
				},
				"beam": {
					"scale": {
						"1.5": [1, 1, 1],
						"1.7083": [1, 100, 1],
						"1.875": [0.5, 90, 0.5],
						"2.0": [0, 124.4, 0]
					}
				},
				"part": {
					"rotation": {
						"0.5": [0, 0, 0],
						"1.25": [0, 0, 0],
						"2.0": [0, 360, 0]
					},
					"position": {
						"1.5": [0, 0, 0],
						"2.0": [0, 70, 0]
					},
					"scale": {
						"0.5": [1, 1, 1],
						"1.5": [1, 1, 1],
						"1.8333": [0.1, 1, 0.1],
						"2.0": [0, 26.9, 0]
					}
				}
			},
			"particle_effects": {
				"0.5": [
					{
						"effect": "atmosphere_rotate",
						"locator": "dot_1"
					},
					{
						"effect": "atmosphere_rotate",
						"locator": "dot_2"
					},
					{
						"effect": "atmosphere_ring"
					}
				],
				"0.5833": {
					"effect": "atmosphere_night"
				},
				"0.6667": {
					"effect": "atmosphere_smoke"
				},
				"1.5417": {
					"effect": "atmosphere_pull"
				}
			}
		},
		"animation.atmosphere_tnt.charge_night": {
			"animation_length": 2,
			"bones": {
				"bb_main": {
					"position": {
						"0.0": [0, 0, 0],
						"0.5": [0, 0, 0],
						"0.5833": [-1, 0, 0],
						"0.6667": [1, 0, 0],
						"0.75": [-1, 0, 0],
						"0.8333": [1, 0, 0],
						"0.9167": [-1, 0, 0],
						"1.0": [1, 0, 0],
						"1.0833": [-1, 0, 0],
						"1.1667": [1, 0, 0],
						"1.25": [-1, 0, 0],
						"1.3333": [1, 0, 0],
						"1.4167": [-1, 0, 0],
						"1.5": [1, 0, 0],
						"1.5833": [-1, 0, 0],
						"1.6667": [1, 0, 0],
						"1.75": [-1, 0, 0],
						"1.8333": [1, 0, 0],
						"2.0": [0, 0, 0]
					},
					"scale": {
						"0.0": [1, 1, 1],
						"2.0": [1, 1, 1]
					}
				},
				"bone": {
					"rotation": {
						"0.5": [0, 0, 0],
						"2.0": [0, 0, 720]
					},
					"scale": {
						"0.5": [1, 1, 1],
						"1.2917": [1.3, 1.3, 1],
						"2.0": [1, 1, 1]
					}
				},
				"bone2": {
					"rotation": {
						"0.5": [0, 0, 0],
						"2.0": [0, 0, 720]
					},
					"scale": {
						"0.5": [1, 1, 1],
						"1.2917": [1.3, 1.3, 1],
						"2.0": [1, 1, 1]
					}
				},
				"semitransparent_1": {
					"position": {
						"0.5": [0, 0, 0],
						"0.5417": [0, 0, 0],
						"1.25": [0, 22, 0],
						"1.2917": [0, 0, 0],
						"1.3333": [0, 0, 0],
						"1.9583": [0, 22, 0]
					},
					"scale": {
						"0.5": [0, 0, 0],
						"0.5417": [1, 1, 1],
						"0.875": [1, 1, 1],
						"1.25": [0, 0, 0],
						"1.2917": [0, 0, 0],
						"1.3333": [1, 1, 1],
						"1.6667": [1, 1, 1],
						"1.9583": [0, 0, 0]
					}
				},
				"semitransparent_2": {
					"position": {
						"0.5": [0, 0, 0],
						"1.5": [4, 8.67, -5.33],
						"2.0": [0, 13, -8]
					},
					"scale": {
						"0.5": [0, 0, 0],
						"0.5833": [1, 1, 1],
						"1.25": [1, 1, 1],
						"2.0": [0, 0, 0]
					}
				},
				"semitransparent_3": {
					"rotation": {
						"0.5": [0, 0, 0],
						"2.0": [0, 0, 25]
					},
					"position": {
						"0.5": [0, 0, 0],
						"2.0": [0.96593, 9.74118, 9]
					},
					"scale": {
						"0.5": [0, 0, 0],
						"1.0": [1, 1, 1],
						"1.1667": [1, 1, 1],
						"1.4167": [1, 1, 1],
						"2.0": [0, 0, 0]
					}
				},
				"lever": {
					"rotation": {
						"0.0": [0, 0, 0],
						"0.125": [22.5, 0, 0],
						"0.25": [-45, 0, 0],
						"0.5": [0, 0, 0]
					}
				},
				"beam_day": {
					"scale": 0
				},
				"part": {
					"rotation": {
						"0.5": [0, 0, 0],
						"1.25": [0, 0, 0],
						"2.0": [0, 360, 0]
					},
					"position": {
						"1.5": [0, 0, 0],
						"2.0": [0, 70, 0]
					},
					"scale": {
						"0.5": [1, 1, 1],
						"1.5": [1, 1, 1],
						"1.8333": [0.1, 1, 0.1],
						"2.0": [0, 26.9, 0]
					}
				},
				"beam_night": {
					"scale": {
						"1.5": [1, 1, 1],
						"1.5833": [1.5, 100, 1.5],
						"1.7083": [0.8, 100, 0.8],
						"1.875": [0.5, 90, 0.5],
						"2.0": [0, 124.4, 0]
					}
				}
			},
			"particle_effects": {
				"0.5": [
					{
						"effect": "atmosphere_rotate_night",
						"locator": "dot_1"
					},
					{
						"effect": "atmosphere_rotate_night",
						"locator": "dot_2"
					},
					{
						"effect": "atmosphere_ring_night"
					}
				],
				"0.5833": {
					"effect": "atmosphere_night"
				},
				"0.6667": {
					"effect": "atmosphere_smoke"
				},
				"1.5417": {
					"effect": "atmosphere_pull_night"
				}
			}
		},
		"animation.atmosphere_tnt.explode_day": {
			"animation_length": 2,
			"bones": {
				"bb_main": {
					"position": {
						"0.0": [0, 0, 0],
						"0.0833": [0, 0, 0]
					},
					"scale": {
						"0.0": [1, 1, 1],
						"0.0833": [0.5, 1, 0.5],
						"0.125": [0, 0, 0]
					}
				},
				"bone": {
					"rotation": [0, 0, 720],
					"scale": 1
				},
				"bone2": {
					"rotation": [0, 0, 720],
					"scale": 1
				},
				"semitransparent_1": {
					"scale": 0
				},
				"semitransparent_2": {
					"position": [0, 13, -8],
					"scale": 0
				},
				"semitransparent_3": {
					"rotation": [0, 0, 25],
					"position": [0.96593, 9.74118, 9],
					"scale": 0
				},
				"beam_day": {
					"scale": [0, 124.4, 0]
				},
				"part": {
					"rotation": [0, 360, 0],
					"position": [0, 70, 0],
					"scale": [0, 26.9, 0]
				},
				"beam_night": {
					"scale": [0, 124.4, 0]
				}
			},
			"particle_effects": {
				"0.1667": [
					{
						"effect": "atmosphere_explode_day"
					},
					{
						"effect": "atmosphere_impact_day"
					},
					{
						"effect": "atmosphere_impact_radius_day"
					}
				],
				"0.3333": {
					"effect": "ground_shake"
				}
			}
		},
		"animation.atmosphere_tnt.charge_day": {
			"animation_length": 2,
			"bones": {
				"bb_main": {
					"position": {
						"0.0": [0, 0, 0],
						"0.5": [0, 0, 0],
						"0.5833": [-1, 0, 0],
						"0.6667": [1, 0, 0],