{
	"format_version": "1.8.0",
	"animations": {
		"animation.black_hole_pig.fly": {
			"animation_length": 8.25,
			"bones": {
				"pig_rotate": {
					"rotation": [0, "-q.anim_time * - 280", 0]
				},
				"pig_head": {
					"rotation": {
						"0.0": [-14.98637, -0.64686, -19.91492],
						"2.5": [-14.99, -0.65, -19.91],
						"3.4167": [27.51, -0.65, -19.91],
						"4.125": [-9.49802, -21.16825, 26.85834],
						"4.4167": [2.8001, 14.52237, -3.66709]
					}
				},
				"pig_leg0": {
					"rotation": {
						"0.0": [17.49524, 0, 0],
						"2.5": [17.5, 0, 0],
						"2.6667": [60, 0, 0],
						"2.8333": [17.5, 0, 0],
						"3.0": [60, 0, 0],
						"3.1667": [17.5, 0, 0],
						"3.3333": [60, 0, 0],
						"3.5": [17.5, 0, 0],
						"3.6667": [60, 0, 0],
						"3.8333": [17.5, 0, 0],
						"4.0": [60, 0, 0],
						"4.1667": [17.5, 0, 0],
						"4.3333": [60, 0, 0],
						"4.5": [17.5, 0, 0],
						"4.6667": [60, 0, 0],
						"4.8333": [17.5, 0, 0],
						"5.0": [60, 0, 0],
						"5.1667": [17.5, 0, 0]
					}
				},
				"pig_leg1": {
					"rotation": {
						"0.0": [32.07762, 0, 0],
						"0.5": [62.5, 0, 0],
						"2.3333": [62.5, 0, 0],
						"2.5": [-27.5, 0, 0],
						"2.6667": [62.5, 0, 0],
						"2.8333": [-27.5, 0, 0],
						"3.0": [62.5, 0, 0],
						"3.125": [62.5, 0, 0],
						"3.2917": [-27.5, 0, 0],
						"3.4583": [62.5, 0, 0],
						"3.625": [-27.5, 0, 0],
						"3.7917": [62.5, 0, 0],
						"3.9167": [62.5, 0, 0],
						"4.0833": [-27.5, 0, 0],
						"4.25": [62.5, 0, 0],
						"4.4167": [-27.5, 0, 0],
						"4.5833": [62.5, 0, 0],
						"4.7083": [62.5, 0, 0],
						"4.875": [-27.5, 0, 0],
						"5.0417": [62.5, 0, 0],
						"5.2083": [-27.5, 0, 0],
						"5.375": [62.5, 0, 0],
						"5.5": [62.5, 0, 0],
						"5.6667": [-27.5, 0, 0],
						"5.8333": [62.5, 0, 0],
						"6.0": [-27.5, 0, 0],
						"6.1667": [62.5, 0, 0]
					}
				},
				"pig_leg3": {
					"rotation": {
						"0.0": [-26.69458, 0, 0],
						"0.5": [-6.69, 0, 0],
						"2.5833": [-6.69, 0, 0],
						"2.75": [-56.69, 0, 0],
						"2.9167": [-6.69, 0, 0],
						"3.0833": [-56.69, 0, 0],
						"3.25": [-6.69, 0, 0],
						"3.4167": [-56.69, 0, 0],
						"3.5833": [-6.69, 0, 0],
						"3.75": [-56.69, 0, 0],
						"3.875": [-6.69, 0, 0],
						"4.0417": [-56.69, 0, 0],
						"4.2083": [-6.69, 0, 0],
						"4.375": [-56.69, 0, 0],
						"4.5": [-6.69, 0, 0],
						"4.6667": [-56.69, 0, 0],
						"4.8333": [-6.69, 0, 0],
						"5.0": [-56.69, 0, 0],
						"5.1667": [-6.69, 0, 0],
						"5.3333": [-56.69, 0, 0],
						"5.5": [-6.69, 0, 0],
						"5.6667": [-56.69, 0, 0],
						"5.7917": [-6.69, 0, 0],
						"5.9583": [-56.69, 0, 0],
						"6.125": [-6.69, 0, 0],
						"6.2917": [-56.69, 0, 0]
					}
				},
				"pig_leg2": {
					"rotation": {
						"0.0": [0, 0, 0],
						"0.5": [-47.5, 0, 0],
						"2.3333": [-47.5, 0, 0],
						"2.5": [37.5, 0, 0],
						"2.6667": [-47.5, 0, 0],
						"2.8333": [37.5, 0, 0],
						"3.0": [-47.5, 0, 0],
						"3.1667": [37.5, 0, 0],
						"3.3333": [-47.5, 0, 0],
						"3.5": [37.5, 0, 0],
						"3.625": [-47.5, 0, 0],
						"3.7917": [37.5, 0, 0],
						"3.9583": [-47.5, 0, 0],
						"4.125": [37.5, 0, 0],
						"4.2917": [-47.5, 0, 0],
						"4.4583": [37.5, 0, 0],
						"4.625": [-47.5, 0, 0],
						"4.7917": [37.5, 0, 0],
						"5.0": [-47.5, 0, 0],
						"5.1667": [37.5, 0, 0],
						"5.3333": [-47.5, 0, 0],
						"5.5": [37.5, 0, 0],
						"5.6667": [-47.5, 0, 0],
						"5.8333": [37.5, 0, 0],
						"6.0": [-47.5, 0, 0],
						"6.1667": [37.5, 0, 0],
						"6.2917": [-47.5, 0, 0],
						"6.4583": [37.5, 0, 0],
						"6.625": [-47.5, 0, 0],
						"6.7917": [37.5, 0, 0],
						"6.9583": [-47.5, 0, 0],
						"7.125": [37.5, 0, 0],
						"7.2917": [-47.5, 0, 0],
						"7.4583": [37.5, 0, 0]
					}
				},
				"pig": {
					"rotation": {
						"0.0": [0, 0, 0],
						"2.2083": [-14.14, 25.15, 0],
						"2.7083": [27.62387, 30.89839, 0],
						"3.5": [-22.5, 40, 0],
						"4.125": [-96.08318, 58.6367, -66.61588]
					},
					"position": {
						"0.0": [0, 0, 397],
						"2.25": [0, 0, 397],
						"2.75": [0, 7.2, 213.2],
						"4.75": [0, 5, 22.5],
						"5.0": [0, 5, 0.5]
					},
					"scale": {
						"0.0": [0, 0, 0],
						"2.0": [0, 0, 0],
						"2.75": [1, 1, 1],
						"4.75": [1, 1, 1],
						"5.0": [0, 0, 0],
						"8.25": [0, 0, 0]
					}
				}
			}
		}
	}
}