{
	"format_version": "1.8.0",
	"animations": {
		"animation.fungi_tnt.charge_and_explode": {
			"animation_length": 4,
			"bones": {
				"TNT": {
					"rotation": {
						"0.0": [0, 0, 0],
						"3.25": [0, 0, 0]
					},
					"position": {
						"0.0": [0, 0, 0],
						"2.4167": [0, 0, 0],
						"2.9167": [0, -48.86, 0],
						"3.25": [0, -48.86, 0]
					},
					"scale": {
						"0.0": [1, 1, 1],
						"0.25": [1, 1, 1],
						"0.5": [1.4, 1.4, 1.4],
						"0.625": [1.1, 1.1, 1.1],
						"1.0417": [1.5, 1.5, 1.5],
						"1.1667": [1.2, 1.2, 1.2],
						"1.6667": [1.6, 1.6, 1.6],
						"1.8333": [1.3, 1.3, 1.3],
						"2.25": [2.5, 2.5, 2.5],
						"2.4167": [2.2, 2.2, 2.2],
						"2.9167": [2.2, 2.2, 2.2],
						"2.9583": [0, 0, 0],
						"3.25": [0, 0, 0]
					}
				},
				"smallfungi": {
					"rotation": {
						"0.0": [0, 0, 0],
						"0.375": [0, 0, 0],
						"0.5": [37.5, 0, 0],
						"3.25": [37.5, 0, 0]
					},
					"position": {
						"0.375": [0, 0, 0],
						"0.5": [-1, 0, -4],
						"3.25": [-1, 0, -4]
					},
					"scale": {
						"0.375": [1, 1, 1],
						"0.5": [1, 1, 1],
						"0.75": [1, 1, 1],
						"1.0": [0, 0, 0],
						"3.25": [0, 0, 0]
					}
				},
				"smallfungi3": {
					"rotation": {
						"0.0": [0, 0, 0],
						"0.375": [0, 0, 0],
						"0.5": [-50.26016, -13.23155, -11.8049],
						"3.25": [-50.26, -13.23, -11.8]
					},
					"position": {
						"0.0": [0, 0, 0],
						"0.375": [0, 0, 0],
						"0.5": [0, 0, 4],
						"3.25": [0, 0, 4]
					},
					"scale": {
						"0.375": [1, 1, 1],
						"0.75": [1, 1, 1],
						"1.0": [0, 0, 0],
						"3.25": [0, 0, 0]
					}
				},
				"smallfungi2": {
					"rotation": {
						"0.0": [0, 0, 0],
						"0.375": [0, 0, 0],
						"0.5": [0, 0, 37.5],
						"3.25": [0, 0, 37.5]
					},
					"position": {
						"0.0": [0, 0, 0],
						"0.375": [0, 0, 0],
						"0.5": [2, 0, 0],
						"3.25": [2, 0, 0]
					},
					"scale": {
						"0.375": [1, 1, 1],
						"0.75": [1, 1, 1],
						"1.0": [0, 0, 0],
						"3.25": [0, 0, 0]
					}
				},
				"inv": {
					"scale": {
						"0.0": [1, 1, 1],
						"0.1667": {
							"pre": [1, 1, 1],
							"post": [1.1, 1.1, 1.1]
						},
						"0.25": {
							"pre": [1.1, 1.1, 1.1],
							"post": [1, 1, 1]
						},
						"0.4583": {
							"pre": [1, 1, 1],
							"post": [1.1, 1.1, 1.1]
						},
						"0.5417": {
							"pre": [1.1, 1.1, 1.1],
							"post": [1, 1, 1]
						},
						"0.7917": {
							"pre": [1, 1, 1],
							"post": [1.1, 1.1, 1.1]
						},
						"0.875": {
							"pre": [1.1, 1.1, 1.1],
							"post": [1, 1, 1]
						},
						"1.125": {
							"pre": [1, 1, 1],
							"post": [1.1, 1.1, 1.1]
						},
						"1.2083": {
							"pre": [1.1, 1.1, 1.1],
							"post": [1, 1, 1]
						},
						"1.4167": {
							"pre": [1, 1, 1],
							"post": [1.1, 1.1, 1.1]
						},
						"1.5": {
							"pre": [1.1, 1.1, 1.1],
							"post": [1, 1, 1]
						},
						"1.6667": {
							"pre": [1, 1, 1],
							"post": [1.1, 1.1, 1.1]
						},
						"1.75": {
							"pre": [1.1, 1.1, 1.1],
							"post": [1, 1, 1]
						},
						"1.9167": {
							"pre": [1, 1, 1],
							"post": [1.1, 1.1, 1.1]
						},
						"3.25": {
							"pre": [1.1, 1.1, 1.1],
							"post": [1.1, 1.1, 1.1]
						}
					}
				}
			}
		},
		"animation.fungi_tnt.charge": {
			"animation_length": 3.25,
			"bones": {
				"TNT": {
					"rotation": {
						"0.0": [0, 0, 0],
						"3.25": [0, 0, 0]
					},
					"position": {
						"0.0": [0, 0, 0],
						"2.4167": [0, 0, 0],
						"2.9167": [0, -48.86, 0],
						"3.25": [0, -48.86, 0]
					},
					"scale": {
						"0.0": [1, 1, 1],
						"0.25": [1, 1, 1],
						"0.5": [1.4, 1.4, 1.4],
						"0.625": [1.1, 1.1, 1.1],
						"1.0417": [1.5, 1.5, 1.5],
						"1.1667": [1.2, 1.2, 1.2],
						"1.6667": [1.6, 1.6, 1.6],
						"1.8333": [1.3, 1.3, 1.3],
						"2.25": [2.5, 2.5, 2.5],
						"2.4167": [2.2, 2.2, 2.2],
						"2.5": [2, 2, 2],
						"2.5417": [2.2, 2.2, 2.2],
						"2.625": [2, 2, 2],
						"2.6667": [2.2, 2.2, 2.2],
						"2.75": [2, 2, 2],
						"2.7917": [2.2, 2.2, 2.2],
						"2.875": [2, 2, 2],
						"2.9167": [2.2, 2.2, 2.2],
						"2.9583": [0, 0, 0],
						"3.25": [0, 0, 0]
					}
				},
				"smallfungi": {
					"rotation": {
						"0.0": [0, 0, 0],
						"0.375": [0, 0, 0],
						"0.5": [37.5, 0, 0],
						"3.25": [37.5, 0, 0]
					},
					"position": {
						"0.375": [0, 0, 0],
						"0.5": [-1, 0, -4],
						"3.25": [-1, 0, -4]
					},
					"scale": {
						"0.375": [1, 1, 1],
						"0.5": [1, 1, 1],
						"0.75": [1, 1, 1],
						"1.0": [0, 0, 0],
						"3.25": [0, 0, 0]
					}
				},
				"smallfungi3": {
					"rotation": {
						"0.0": [0, 0, 0],
						"0.375": [0, 0, 0],
						"0.5": [-50.26016, -13.23155, -11.8049],
						"3.25": [-50.26, -13.23, -11.8]
					},
					"position": {
						"0.0": [0, 0, 0],
						"0.375": [0, 0, 0],
						"0.5": [0, 0, 4],
						"3.25": [0, 0, 4]
					},
					"scale": {
						"0.375": [1, 1, 1],
						"0.75": [1, 1, 1],
						"1.0": [0, 0, 0],
						"3.25": [0, 0, 0]
					}
				},
				"smallfungi2": {
					"rotation": {
						"0.0": [0, 0, 0],
						"0.375": [0, 0, 0],
						"0.5": [0, 0, 37.5],
						"3.25": [0, 0, 37.5]
					},
					"position": {
						"0.0": [0, 0, 0],
						"0.375": [0, 0, 0],
						"0.5": [2, 0, 0],
						"3.25": [2, 0, 0]
					},
					"scale": {
						"0.375": [1, 1, 1],
						"0.75": [1, 1, 1],
						"1.0": [0, 0, 0],
						"3.25": [0, 0, 0]
					}
				},
				"inv": {
					"scale": {
						"0.0": [1, 1, 1],
						"0.1667": {"pre": [1, 1, 1], "post": [1.1, 1.1, 1.1]},
						"0.25": {"pre": [1.1, 1.1, 1.1], "post": [1, 1, 1]},
						"0.4583": {"pre": [1, 1, 1], "post": [1.1, 1.1, 1.1]},
						"0.5417": {"pre": [1.1, 1.1, 1.1], "post": [1, 1, 1]},
						"0.7917": {"pre": [1, 1, 1], "post": [1.1, 1.1, 1.1]},
						"0.875": {"pre": [1.1, 1.1, 1.1], "post": [1, 1, 1]},
						"1.125": {"pre": [1, 1, 1], "post": [1.1, 1.1, 1.1]},
						"1.2083": {"pre": [1.1, 1.1, 1.1], "post": [1, 1, 1]},
						"1.4167": {"pre": [1, 1, 1], "post": [1.1, 1.1, 1.1]},
						"1.5": {"pre": [1.1, 1.1, 1.1], "post": [1, 1, 1]},
						"1.6667": {"pre": [1, 1, 1], "post": [1.1, 1.1, 1.1]},
						"1.75": {"pre": [1.1, 1.1, 1.1], "post": [1, 1, 1]},
						"1.9167": {"pre": [1, 1, 1], "post": [1.1, 1.1, 1.1]},
						"3.25": {"pre": [1.1, 1.1, 1.1], "post": [1.1, 1.1, 1.1]}
					}
				}
			},
			"particle_effects": {
				"0.25": {
					"effect": "tnt_charge_red"
				}
			}
		},
		"animation.fungi_tnt.explode": {
			"animation_length": 2,
			"bones": {
				"TNT": {
					"rotation": [0, 0, 0],
					"position": [0, -48.86, 0],
					"scale": {
						"0.0": [0, 0, 0],
						"2.0": [0, 0, 0]
					}
				},
				"smallfungi": {
					"rotation": [37.5, 0, 0],
					"position": [-1, 0, -4],
					"scale": 0
				},
				"smallfungi3": {
					"rotation": [-50.26, -13.23, -11.8],
					"position": [0, 0, 4],
					"scale": 0
				},
				"smallfungi2": {
					"rotation": [0, 0, 37.5],
					"position": [2, 0, 0],
					"scale": 0
				},
				"inv": {
					"scale": 1.1
				}
			},
			"particle_effects": {
				"0.0": [
					{
						"effect": "fungi_cloud"
					},
					{
						"effect": "ender_sparkle_explosion_bigger"
					}
				],
				"0.0417": {
					"effect": "fungi_impact"
				},
				"0.1667": {
					"effect": "ender_sparkle_explosion_bigger"
				}
			}
		}
	}
}