{
	"format_version": "1.8.0",
	"animations": {
		"animation.furnace_tnt.charge": {
			"animation_length": 2,
			"bones": {
				"tnt": {
					"rotation": {
						"0.0": [0, 0, 0],
						"0.2083": [0, 0, 0],
						"0.25": [0, 5, 0],
						"0.2917": [-0.32652, 2.4786, -7.50706],
						"0.4167": [0, -5, 0],
						"0.4583": [-0.32652, -2.4786, 7.50706],
						"0.5833": [0, 5, 0],
						"0.625": [-0.32652, 2.4786, -7.50706],
						"0.75": [0, -5, 0],
						"0.7917": [-0.32652, -2.4786, 7.50706],
						"0.9167": [0, 5, 0],
						"0.9583": [-0.32652, 2.4786, -7.50706],
						"1.0833": [0, -5, 0],
						"1.125": [-0.32652, -2.4786, 7.50706],
						"1.25": [0, 5, 0],
						"1.2917": [-0.32652, 2.4786, -7.50706],
						"1.4167": [0, -5, 0],
						"1.4583": [-0.32652, -2.4786, 7.50706],
						"1.5833": [0, 5, 0],
						"1.625": [-0.32652, 2.4786, -7.50706],
						"1.75": [0, -5, 0],
						"1.7917": [0, 0, 0],
						"2.0": [0, 0, 0]
					},
					"scale": {
						"0.0": [1, 1, 1],
						"0.25": [1, 1, 1],
						"0.3333": [1, 0.9, 1],
						"0.4167": [1, 1, 1],
						"0.5": [1, 0.9, 1],
						"0.5833": [1, 1, 1],
						"0.6667": [1, 0.9, 1],
						"0.75": [1, 1, 1],
						"0.8333": [1, 0.9, 1],
						"0.9167": [1, 1, 1],
						"1.0": [1, 0.9, 1],
						"1.0833": [1, 1, 1],
						"1.1667": [1, 0.9, 1],
						"1.25": [1, 1, 1],
						"1.3333": [1, 0.9, 1],
						"1.4167": [1, 1, 1],
						"1.5": [1, 0.9, 1],
						"1.5833": [1, 1, 1],
						"1.6667": [1, 0.9, 1],
						"1.75": [1, 1, 1],
						"1.9167": [0.7, 0.7, 0.7],
						"2.0": [0.7, 0.7, 0.7]
					}
				},
				"menu": {
					"rotation": {
						"0.0": [0, 0, 0],
						"0.3333": [0, 0, 0],
						"0.5": [110, 0, 0],
						"2.0": [110, 0, 0]
					},
					"position": {
						"0.0": [0, 0, 0],
						"0.3333": [0, 0, 0],
						"0.4167": [-2.60473, 5.66261, -3.91416],
						"0.5": [-6.08551, 3.66985, -8.1481],
						"2.0": [-6.08551, 3.66985, -8.1481]
					},
					"scale": 1
				},
				"smoke": {
					"scale": {
						"0.0": [0, 0, 1],
						"0.0833": [0, 0, 1],
						"0.25": [1, 1, 1],
						"0.4167": [0.6, 1, 1],
						"0.5": [0.6, 0.6, 1],
						"0.5833": [1, 0.6, 1],
						"0.6667": [1, 1, 1],
						"0.75": [0.6, 1, 1],
						"0.8333": [0.6, 0.6, 1],
						"0.9167": [1, 0.6, 1],
						"1.0": [0.6, 1, 1],
						"1.0833": [0.6, 0.6, 1],
						"1.1667": [1, 0.6, 1],
						"1.25": [1, 1, 1],
						"1.3333": [0.6, 1, 1],
						"1.4167": [0.6, 0.6, 1],
						"1.5": [1, 0.6, 1],
						"1.5833": [1, 1, 1],
						"1.6667": [1, 1, 1],
						"1.8333": [0, 0, 1],
						"2.0": [0, 0, 0]
					}
				}
			},
			"particle_effects": {
				"0.0417": [
					{
						"effect": "furnace_fire"
					},
					{
						"effect": "furnace_smoke"
					}
				],
				"0.5": {
					"effect": "furnace_destruct"
				}
			}
		},
		"animation.furnace_tnt.explode": {
			"animation_length": 1,
			"bones": {
				"tnt": {
					"rotation": {
						"0.0": [0, 0, 0],
						"0.0833": [0, 0, -5],
						"0.125": [0, 0, 5],
						"0.1667": [0, 0, -5],
						"0.2083": [0, 0, 5],
						"0.25": [0, 0, -5],
						"0.2917": [0, 0, 5],
						"0.3333": [0, 0, -5],
						"0.375": [0, 0, 5],
						"0.4167": [0, 0, -5]
					},
					"scale": {
						"0.0": [0.7, 0.7, 0.7],
						"0.25": [1.2, 0.7, 1.2],
						"0.3333": [1.2, 1.2, 1.2],
						"0.4167": [0, 0, 0]
					}
				},
				"menu": {
					"rotation": {
						"0.0": [110, 0, 0],
						"0.2917": [110, 0, 0],
						"0.375": [140, 0, 0],
						"0.4167": [145, 0, 0]
					},
					"position": {
						"0.0": [-6.08551, 3.66985, -8.1481],
						"0.2917": [-6.08551, 3.66985, -8.1481],
						"0.375": [-8.85567, 11.38225, -12.94616],
						"0.4167": [-11.85321, 8.8489, -18.13806]
					},
					"scale": {
						"0.0": [1, 1, 1],
						"0.2917": [1, 1, 1],
						"0.375": [1, 1, 1],
						"0.4583": [0, 0, 0]
					}
				},
				"smoke": {
					"scale": 0
				}
			},
			"particle_effects": {
				"0.375": {
					"effect": "furnace_explode"
				}
			}
		}
	}
}