{
	"format_version": "1.8.0",
	"animations": {
		"animation.hacker_tnt.charge_and_explode": {
			"animation_length": 4.5,
			"bones": {
				"antena": {
					"rotation": {
						"0.0": [0, 0, 0],
						"3.5": [0, 630, 0],
						"4.0": [0, 720, 0]
					}
				},
				"bubri": {
					"rotation": {
						"0.0": [0, 0, 0],
						"0.625": [-2.49762, -0.10901, -2.49762],
						"1.25": [2.49762, -0.10901, 2.49762],
						"1.875": [-2.49762, -0.10901, -2.49762],
						"2.5": [2.49762, -0.10901, 2.49762],
						"2.75": [0, 0, 0],
						"3.5": [0, 0, 0]
					},
					"position": {
						"0.0": [0, 0, 0],
						"3.5": [0, 0, 0],
						"3.75": [0, 0, 0],
						"4.0": [0, 10, 0]
					},
					"scale": {
						"0.0": [1, 1, 1],
						"0.375": [1.1, 0.9, 1.1],
						"0.625": [0.9, 1.1, 0.9],
						"1.0": [1.1, 0.9, 1.1],
						"1.25": [0.9, 1.1, 0.9],
						"1.625": [1.1, 0.9, 1.1],
						"1.875": [0.9, 1.1, 0.9],
						"2.25": [1.1, 0.9, 1.1],
						"2.5": [0.9, 1.1, 0.9],
						"2.75": [1.1, 0.9, 1.1],
						"2.8125": [1, 1.2, 1],
						"2.875": [1.2, 0.9, 1.2],
						"2.9375": [1, 1.4, 1],
						"3.0": [1.3, 0.9, 1.3],
						"3.125": [1, 1.6, 1],
						"3.25": [1.6, 1.3, 1.6],
						"3.3125": [1.6, 1.6, 1.6],
						"3.5": [1.9, 1, 1.9],
						"3.75": [1, 1.5, 1],
						"4.0": [1, 0, 1],
						"4.0625": [0, 0, 0]
					}
				},
				"panel": {
					"position": {
						"0.0": [0, 0, 0],
						"0.75": [0, 0, 0],
						"0.875": [0, 0, 0],
						"1.25": [0, -3, 10],
						"2.0": [0, -3, 10],
						"2.375": [0, 4, 16],
						"3.5": [0, 4, 16]
					},
					"scale": {
						"0.0": [1, 1, 1],
						"0.75": [1, 1, 1],
						"0.875": [0, 0, 0],
						"1.25": [0, 0, 0],
						"1.375": [1, 1, 1],
						"1.875": [1, 1, 1],
						"2.0": [0, 0, 0],
						"2.375": [0, 0, 0],
						"2.5": [1, 1, 1],
						"3.375": [1, 1, 1],
						"3.5": [0, 0, 0]
					}
				},
				"panel2": {
					"position": {
						"0.0": [0, 0, 0],
						"0.375": [0, 0, 0],
						"1.0": [0, 5, -10],
						"2.3125": [0, 5, -10],
						"2.8125": [0, -6, -12],
						"3.5": [0, -6, -12]
					},
					"scale": {
						"0.0": [1, 1, 1],
						"0.25": [1, 1, 1],
						"0.375": [0, 0, 0],
						"1.0": [0, 0, 0],
						"1.125": [1, 1, 1],
						"2.1875": [1, 1, 1],
						"2.3125": [0, 0, 0],
						"2.8125": [0, 0, 0],
						"2.9375": [1, 1, 1],
						"3.375": [1, 1, 1],
						"3.5": [0, 0, 0]
					}
				},
				"panel3": {
					"position": {
						"0.0": [0, 0, 0],
						"0.6875": [0, 0, 0],
						"1.5": [-8, -8, 0],
						"2.1875": [-8, -8, 0],
						"2.8125": [5, -11, 0],
						"3.5": [5, -11, 0]
					},
					"scale": {
						"0.0": [1, 1, 1],
						"0.5625": [1, 1, 1],
						"0.6875": [0, 0, 0],
						"1.5": [0, 0, 0],
						"1.625": [1, 1, 1],
						"2.0625": [1, 1, 1],
						"2.1875": [0, 0, 0],
						"2.8125": [0, 0, 0],
						"2.9375": [1, 1, 1],
						"3.375": [1, 1, 1],
						"3.5": [0, 0, 0]
					}
				},
				"panel4": {
					"position": {
						"0.0": [0, 0, 0],
						"0.375": [0, 0, 0],
						"1.3125": [0, 6, -5],
						"2.25": [0, 6, -5],
						"2.875": [0, -2, 4],
						"3.5": [0, -2, 4]
					},
					"scale": {
						"0.0": [1, 1, 1],
						"0.25": [1, 1, 1],
						"0.375": [0, 0, 0],
						"1.3125": [0, 0, 0],
						"1.4375": [1, 1, 1],
						"2.25": [1, 1, 1],
						"2.375": [0, 0, 0],
						"2.875": [0, 0, 0],
						"3.0": [1, 1, 1],
						"3.375": [1, 1, 1],
						"3.5": [0, 0, 0]
					}
				},
				"panel5": {
					"position": {
						"0.0": [0, 0, 0],
						"0.5": [0, 0, 0],
						"1.0625": [0, -13, 13],
						"1.9375": [0, -13, 13],
						"2.6875": [0, -11, 3],
						"3.5": [0, -11, 3]
					},
					"scale": {
						"0.0": [1, 1, 1],
						"0.375": [1, 1, 1],
						"0.5": [0, 0, 0],
						"1.0625": [0, 0, 0],
						"1.1875": [1, 1, 1],
						"1.8125": [1, 1, 1],
						"1.9375": [0, 0, 0],
						"2.6875": [0, 0, 0],
						"2.8125": [1, 1, 1],
						"3.375": [1, 1, 1],
						"3.5": [0, 0, 0]
					}
				},
				"panel6": {
					"position": {
						"0.0": [0, 0, 0],
						"0.625": [0, 0, 0],
						"1.25": [9, -3, 0],
						"2.1875": [9, -3, 0],
						"2.625": [11, 1, 0],
						"3.5": [11, 1, 0]
					},
					"scale": {
						"0.0": [1, 1, 1],
						"0.5": [1, 1, 1],
						"0.625": [0, 0, 0],
						"1.25": [0, 0, 0],
						"1.375": [1, 1, 1],
						"2.0625": [1, 1, 1],
						"2.1875": [0, 0, 0],
						"2.625": [0, 0, 0],
						"2.75": [1, 1, 1],
						"3.375": [1, 1, 1],
						"3.5": [0, 0, 0]
					}
				}
			},
			"particle_effects": {
				"0.0": [
					{
						"effect": "scan",
						"locator": "locator"
					},
					{
						"effect": "tnt_charge_green",
						"bind_to_actor": false
					}
				],
				"1.25": {
					"effect": "tnt_charge_green"
				},
				"2.5": {
					"effect": "tnt_charge_green"
				},
				"3.5": [
					{
						"effect": "teleportation"
					},
					{
						"effect": "scan_impact",
						"bind_to_actor": false
					},
					{
						"effect": "scan_impact",
						"bind_to_actor": false
					},
					{
						"effect": "detonator_impact_green",
						"bind_to_actor": false
					}
				]
			}
		},
		"animation.hacker_tnt.charge": {
			"animation_length": 3.5,
			"bones": {
				"panel": {
					"position": {
						"0.0": [0, 0, 0],
						"0.75": [0, 0, 0],
						"0.875": [0, 0, 0],
						"1.25": [0, -3, 10],
						"2.0": [0, -3, 10],
						"2.375": [0, 4, 16],
						"3.5": [0, 4, 16]
					},
					"scale": {
						"0.0": [1, 1, 1],
						"0.75": [1, 1, 1],
						"0.875": [0, 0, 0],
						"1.25": [0, 0, 0],
						"1.375": [1, 1, 1],
						"1.875": [1, 1, 1],
						"2.0": [0, 0, 0],
						"2.375": [0, 0, 0],
						"2.5": [1, 1, 1],
						"3.375": [1, 1, 1],
						"3.5": [0, 0, 0]
					}
				},
				"panel2": {
					"position": {
						"0.0": [0, 0, 0],
						"0.375": [0, 0, 0],
						"1.0": [0, 5, -10],
						"2.3333": [0, 5, -10],
						"2.8333": [0, -6, -12],
						"3.5": [0, -6, -12]
					},
					"scale": {
						"0.0": [1, 1, 1],
						"0.25": [1, 1, 1],
						"0.375": [0, 0, 0],
						"1.0": [0, 0, 0],
						"1.125": [1, 1, 1],
						"2.2083": [1, 1, 1],
						"2.3333": [0, 0, 0],
						"2.8333": [0, 0, 0],
						"2.9583": [1, 1, 1],
						"3.375": [1, 1, 1],
						"3.5": [0, 0, 0]
					}
				},
				"panel3": {
					"position": {
						"0.0": [0, 0, 0],
						"0.7083": [0, 0, 0],
						"1.5": [-8, -8, 0],
						"2.2083": [-8, -8, 0],
						"2.8333": [5, -11, 0],
						"3.5": [5, -11, 0]
					},
					"scale": {
						"0.0": [1, 1, 1],
						"0.5833": [1, 1, 1],
						"0.7083": [0, 0, 0],
						"1.5": [0, 0, 0],
						"1.625": [1, 1, 1],
						"2.0833": [1, 1, 1],
						"2.2083": [0, 0, 0],
						"2.8333": [0, 0, 0],
						"2.9583": [1, 1, 1],
						"3.375": [1, 1, 1],
						"3.5": [0, 0, 0]
					}
				},
				"panel4": {
					"position": {
						"0.0": [0, 0, 0],
						"0.375": [0, 0, 0],
						"1.3333": [0, 6, -5],
						"2.25": [0, 6, -5],
						"2.875": [0, -2, 4],
						"3.5": [0, -2, 4]
					},
					"scale": {
						"0.0": [1, 1, 1],
						"0.25": [1, 1, 1],
						"0.375": [0, 0, 0],
						"1.3333": [0, 0, 0],
						"1.4583": [1, 1, 1],
						"2.25": [1, 1, 1],
						"2.375": [0, 0, 0],
						"2.875": [0, 0, 0],
						"3.0": [1, 1, 1],
						"3.375": [1, 1, 1],
						"3.5": [0, 0, 0]
					}
				},
				"panel5": {
					"position": {
						"0.0": [0, 0, 0],
						"0.5": [0, 0, 0],
						"1.0833": [0, -13, 13],
						"1.9583": [0, -13, 13],
						"2.7083": [0, -11, 3],
						"3.5": [0, -11, 3]
					},
					"scale": {
						"0.0": [1, 1, 1],
						"0.375": [1, 1, 1],
						"0.5": [0, 0, 0],
						"1.0833": [0, 0, 0],
						"1.2083": [1, 1, 1],
						"1.8333": [1, 1, 1],
						"1.9583": [0, 0, 0],
						"2.7083": [0, 0, 0],
						"2.8333": [1, 1, 1],
						"3.375": [1, 1, 1],
						"3.5": [0, 0, 0]
					}
				},
				"panel6": {
					"position": {
						"0.0": [0, 0, 0],
						"0.625": [0, 0, 0],
						"1.25": [9, -3, 0],
						"2.2083": [9, -3, 0],
						"2.625": [11, 1, 0],
						"3.5": [11, 1, 0]
					},
					"scale": {
						"0.0": [1, 1, 1],
						"0.5": [1, 1, 1],
						"0.625": [0, 0, 0],