{
	"format_version": "1.8.0",
	"animations": {
		"animation.tnt.swell": {
			"loop": "hold_on_last_frame",
			"animation_length": 0.5,
			"bones": {
				"bb_main": {
					"rotation": {
						"0.0": [0, 0, 0],
						"0.1": [0, 0, -12.5],
						"0.2": [0, 0, -17.5],
						"0.3": [7.49294, 0.32621, 7.52136],
						"0.4": [-14.51082, 3.84097, 4.51082],
						"0.5": [0, 0, 0]
					},
					"position": {
						"0.0": [0, 0, 0],
						"0.1": [0, 3, 0],
						"0.2": [0, 0, 0],
						"0.3": [0, 3, 0],
						"0.4": [0, 0, 0],
						"0.5": [0, 0, 0]
					},
					"scale": {
						"0.0": [1, 1, 1],
						"0.1": [1.02, 1.22, 1.02],
						"0.2": [1, 0.6, 1],
						"0.3": [1.45, 1.55, 1.15],
						"0.4": [1.2, 0.5, 1.3],
						"0.5": [2.5, 2.5, 2.5]
					}
				}
			},
			"particle_effects": {
				"0.0": {
					"effect": "tnt_charge_freeze",
					"bind_to_actor": false
				}
			}
		},
		"animation.tnt.swell_thunder": {
			"loop": "hold_on_last_frame",
			"animation_length": 0.5,
			"bones": {
				"bb_main": {
					"rotation": {
						"0.0": [0, 0, 0],
						"0.1": [0, 0, -12.5],
						"0.2": [0, 0, -17.5],
						"0.3": [7.49294, 0.32621, 7.52136],
						"0.4": [-14.51082, 3.84097, 4.51082],
						"0.5": [0, 0, 0]
					},
					"position": {
						"0.0": [0, 0, 0],
						"0.1": [0, 3, 0],
						"0.2": [0, 0, 0],
						"0.3": [0, 3, 0],
						"0.4": [0, 0, 0],
						"0.5": [0, 0, 0]
					},
					"scale": {
						"0.0": [1, 1, 1],
						"0.1": [1.02, 1.22, 1.02],
						"0.2": [1, 0.6, 1],
						"0.3": [1.45, 1.55, 1.15],
						"0.4": [1.2, 0.5, 1.3],
						"0.5": [2.5, 2.5, 2.5]
					}
				}
			},
			"particle_effects": {
				"0.0": {
					"effect": "tnt_charge_yellow",
					"bind_to_actor": false
				}
			}
		},
		"animation.tnt.swell_weather_rain": {
			"loop": "hold_on_last_frame",
			"animation_length": 2.5,
			"bones": {
				"bb_main": {
					"rotation": {
						"0.0": [0, 0, 0],
						"0.1": [0, 0, 5],
						"0.2": [0, 0, 5],
						"0.3": [0, 0, -5],
						"0.4": [0, 0, -5],
						"0.5": [0, 0, 5],
						"0.6": [0, 0, 5],
						"0.7": [0, 0, -5],
						"0.8": [0, 0, -5],
						"0.9": [0, 0, 5],
						"1.0": [0, 0, 5],
						"1.1": [0, 0, -5],
						"1.2": [0, 0, 0],
						"1.3": [0, 0, 0],
						"1.4": [0, 0, 5],
						"1.5": [0, 0, -5],
						"1.6": [0, 0, -5],
						"1.7": [0, 0, 5],
						"1.8": [0, 0, 5],
						"1.9": [0, 0, -5],
						"2.0": [0, 0, -5],
						"2.1": [0, 0, 5],
						"2.2": [0, 0, 5],
						"2.3": [0, 0, -5],
						"2.4": [0, 0, 0],
						"2.5": [0, 0, 0]
					},
					"position": {
						"0.0": [0, 0, 0],
						"0.1": [0, 3, 0],
						"0.2": [0, 0, 0],
						"0.3": [0, 3, 0],
						"0.4": [0, 0, 0],
						"0.5": [0, 3, 0],
						"0.6": [0, 0, 0],
						"0.7": [0, 3, 0],
						"0.8": [0, 0, 0],
						"0.9": [0, 3, 0],
						"1.0": [0, 0, 0],
						"1.1": [0, 3, 0],
						"1.2": [0, 0, 0],
						"1.3": [0, 0, 0],
						"1.4": [0, 0, 0],
						"1.5": [0, 3, 0],
						"1.6": [0, 0, 0],
						"1.7": [0, 3, 0],
						"1.8": [0, 0, 0],
						"1.9": [0, 3, 0],
						"2.0": [0, 0, 0],
						"2.1": [0, 3, 0],
						"2.2": [0, 0, 0],
						"2.3": [0, 3, 0],
						"2.4": [0, 0, 0],
						"2.5": [0, 0, 0]
					},
					"scale": {
						"0.7": [1, 1, 1],
						"0.8": [1.02, 1.22, 1.02],
						"1.0": [1, 0.6, 1],
						"1.1": [1.45, 1.55, 1.15],
						"1.3": [1.2, 0.5, 1.3],
						"1.4": [1.2, 1.3, 1.3],
						"1.5": [1.7, 0.6, 1.7],
						"1.7": [1.7, 2.1, 1.7],
						"1.8": [2.2, 0.8, 2.2],
						"1.9": [2.2, 0.8, 2.2],
						"2.1": [2.2, 2.1, 2.2],
						"2.2": [2.2, 1.3, 2.2],
						"2.4": [1.8, 2.6, 1.8],
						"2.5": [2.5, 2.5, 2.5]
					}
				}
			},
			"particle_effects": {
				"0.0": {
					"effect": "tnt_charge_darkblue",
					"bind_to_actor": false
				}
			}
		},
		"animation.tnt.swell_weather_sun": {
			"loop": "hold_on_last_frame",
			"animation_length": 2.5,
			"bones": {
				"bb_main": {
					"rotation": {
						"0.0": [0, 0, 0],
						"0.1": [0, 0, 5],
						"0.2": [0, 0, 5],
						"0.3": [0, 0, -5],
						"0.4": [0, 0, -5],
						"0.5": [0, 0, 5],
						"0.6": [0, 0, 5],
						"0.7": [0, 0, -5],
						"0.8": [0, 0, -5],
						"0.9": [0, 0, 5],
						"1.0": [0, 0, 5],
						"1.1": [0, 0, -5],
						"1.2": [0, 0, 0],
						"1.3": [0, 0, 0],
						"1.4": [0, 0, 5],
						"1.5": [0, 0, -5],
						"1.6": [0, 0, -5],
						"1.7": [0, 0, 5],
						"1.8": [0, 0, 5],
						"1.9": [0, 0, -5],
						"2.0": [0, 0, -5],
						"2.1": [0, 0, 5],
						"2.2": [0, 0, 5],
						"2.3": [0, 0, -5],
						"2.4": [0, 0, 0],
						"2.5": [0, 0, 0]
					},
					"position": {
						"0.0": [0, 0, 0],
						"0.1": [0, 3, 0],
						"0.2": [0, 0, 0],
						"0.3": [0, 3, 0],
						"0.4": [0, 0, 0],
						"0.5": [0, 3, 0],
						"0.6": [0, 0, 0],
						"0.7": [0, 3, 0],
						"0.8": [0, 0, 0],
						"0.9": [0, 3, 0],
						"1.0": [0, 0, 0],
						"1.1": [0, 3, 0],
						"1.2": [0, 0, 0],
						"1.3": [0, 0, 0],
						"1.4": [0, 0, 0],
						"1.5": [0, 3, 0],
						"1.6": [0, 0, 0],
						"1.7": [0, 3, 0],
						"1.8": [0, 0, 0],
						"1.9": [0, 3, 0],
						"2.0": [0, 0, 0],
						"2.1": [0, 3, 0],
						"2.2": [0, 0, 0],
						"2.3": [0, 3, 0],
						"2.4": [0, 0, 0],
						"2.5": [0, 0, 0]
					},
					"scale": {
						"0.7": [1, 1, 1],
						"0.8": [1.02, 1.22, 1.02],
						"1.0": [1, 0.6, 1],
						"1.1": [1.45, 1.55, 1.15],
						"1.3": [1.2, 0.5, 1.3],
						"1.4": [1.2, 1.3, 1.3],
						"1.5": [1.7, 0.6, 1.7],
						"1.7": [1.7, 2.1, 1.7],
						"1.8": [2.2, 0.8, 2.2],
						"1.9": [2.2, 0.8, 2.2],
						"2.1": [2.2, 2.1, 2.2],
						"2.2": [2.2, 1.3, 2.2],
						"2.4": [1.8, 2.6, 1.8],
						"2.5": [2.5, 2.5, 2.5]
					}
				}
			},
			"particle_effects": {
				"0.0": {
					"effect": "tnt_charge_yellow",
					"bind_to_actor": false
				}
			}
		},
		"animation.tnt.swell_arrow": {
			"loop": "hold_on_last_frame",
			"animation_length": 0.5,
			"bones": {
				"bb_main": {
					"rotation": {
						"0.0": [0, 0, 0],
						"0.1": [0, 0, -12.5],
						"0.2": [0, 0, -17.5],
						"0.3": [7.49294, 0.32621, 7.52136],
						"0.4": [-14.51082, 3.84097, 4.51082],
						"0.5": [0, 0, 0]
					},
					"position": {
						"0.0": [0, 0, 0],
						"0.1": [0, 3, 0],
						"0.2": [0, 0, 0],
						"0.3": [0, 3, 0],
						"0.4": [0, 0, 0],
						"0.5": [0, 0, 0]
					},
					"scale": {
						"0.0": [1, 1, 1],
						"0.1": [1.02, 1.22, 1.02],
						"0.2": [1, 0.6, 1],
						"0.3": [1.45, 1.55, 1.15],
						"0.4": [1.2, 0.5, 1.3],
						"0.5": [2.5, 2.5, 2.5]
					}
				}
			},
			"particle_effects": {
				"0.0": {
					"effect": "tnt_charge_red",
					"bind_to_actor": false
				}
			}
		},
		"animation.tnt.swell_dimension": {
			"loop": "hold_on_last_frame",
			"animation_length": 0.5,
			"bones": {
				"bb_main": {
					"scale": {
						"0.0": [1, 1, 1],
						"0.3": [3, 3, 3],
						"0.5": [1, 1, 1]
					}
				}
			},
			"particle_effects": {
				"0.0": {
					"effect": "tnt_charge_red",
					"bind_to_actor": false
				}
			}
		},
		"animation.tnt.swell_atmosphere_night": {
			"loop": "hold_on_last_frame",
			"animation_length": 2.5,
			"bones": {
				"bb_main": {
					"rotation": {
						"0.0": [0, 0, 0],
						"0.1": [0, 0, 5],
						"0.2": [0, 0, 5],
						"0.3": [0, 0, -5],
						"0.4": [0, 0, -5],
						"0.5": [0, 0, 5],
						"0.6": [0, 0, 5],
						"0.7": [0, 0, -5],
						"0.8": [0, 0, -5],
						"0.9": [0, 0, 5],
						"1.0": [0, 0, 5],
						"1.1": [0, 0, -5],
						"1.2": [0, 0, 0],
						"1.3": [0, 0, 0],
						"1.4": [0, 0, 5],
						"1.5": [0, 0, -5],
						"1.6": [0, 0, -5],
						"1.7": [0, 0, 5],
						"1.8": [0, 0, 5],
						"1.9": [0, 0, -5],
						"2.0": [0, 0, -5],
						"2.1": [0, 0, 5],
						"2.2": [0, 0, 5],
						"2.3": [0, 0, -5],
						"2.4": [0, 0, 0],
						"2.5": [0, 0, 0]
					},
					"position": {
						"0.0": [0, 0, 0],
						"0.1": [0, 3, 0],
						"0.2": [0, 0, 0],
						"0.3": [0, 3, 0],
						"0.4": [0, 0, 0],
						"0.5": [0, 3, 0],
						"0.6": [0, 0, 0],
						"0.7": [0, 3, 0],
						"0.8": [0, 0, 0],
						"0.9": [0, 3, 0],