{
	"format_version": "1.8.0",
	"animations": {
		"animation.tnt.swell": {
			"loop": "hold_on_last_frame",
			"animation_length": 0.5,
			"bones": {
				"bb_main": {
					"rotation": {
						"0.0": [0, 0, 0],
						"0.1": [0, 0, -12.5],
						"0.2": [0, 0, -17.5],
						"0.3": [7.49294, 0.32621, 7.52136],
						"0.4": [-14.51082, 3.84097, 4.51082],
						"0.5": [0, 0, 0]
					},
					"position": {
						"0.0": [0, 0, 0],
						"0.1": [0, 3, 0],
						"0.2": [0, 0, 0],
						"0.3": [0, 3, 0],
						"0.4": [0, 0, 0],
						"0.5": [0, 0, 0]
					},
					"scale": {
						"0.0": [1, 1, 1],
						"0.1": [1.02, 1.22, 1.02],
						"0.2": [1, 0.6, 1],
						"0.3": [1.45, 1.55, 1.15],
						"0.4": [1.2, 0.5, 1.3],
						"0.5": [2.5, 2.5, 2.5]
					}
				}
			},
			"particle_effects": {
				"0.0": {
					"effect": "tnt_charge_freeze",
					"locator": "wind"
				}
			}
		}
	}
}