{
	"format_version": "1.8.0",
	"animations": {
		"animation.goe_tnt.black_hole_stone.fly": {
			"animation_length": 8.5,
			"bones": {
				"bone": {
					"rotation": {
						"0.0": [0, 0, 0],
						"0.2917": [15.50409, 14.47751, 3.96713]
					},
					"position": {
						"0.0": [0, 0, 0],
						"0.2917": [174, 110, 0]
					}
				},
				"stone_rot": {
					"rotation": [0, "-q.anim_time *-280", 0]
				},
				"stone": {
					"rotation": {
						"0.0": ["-q.anim_time * 720", 0, "q.anim_time * 360"],
						"6.0": [-20.01, 28.48, -27.35],
						"8.5": [-20.01, 28.48, -27.35]
					},
					"position": {
						"0.0": [241, -30, 0],
						"2.6667": [241, 0, 0],
						"4.7917": [2, 7, 0],
						"8.5": [2, 7, 0]
					},
					"scale": {
						"0.0": [0, 0, 0],
						"2.5417": [0, 0, 0],
						"2.75": [1, 1, 1],
						"5.5": [1, 1, 1],
						"5.5417": [0, 0, 0],
						"6.0": [0, 0, 0],
						"8.5": [0, 0, 0]
					}
				}
			}
		}
	}
}