{
	"format_version": "1.8.0",
	"animations": {
		"animation.goe_tnt.black_hole_cow.fly": {
			"animation_length": 8.5,
			"bones": {
				"cow_rotate": {
					"rotation": [0, "-q.anim_time * 180", 0],
					"position": [0, 0, 0],
					"scale": 1
				},
				"cow_head": {
					"rotation": {
						"0.0": [-25.18908, -6.79382, 3.18458],
						"2.75": [-25.19, -6.79, 3.18],
						"3.1667": {
							"pre": [19.81, -6.79, 3.18],
							"post": [19.81, -6.79, 3.18],
							"lerp_mode": "catmullrom"
						},
						"4.0": {
							"post": [-50.19, -6.79, 3.18],
							"lerp_mode": "catmullrom"
						},
						"4.75": [-39.94202, 44.31239, -4.3438]
					}
				},
				"cow_leg0": {
					"rotation": {
						"0.0": [47.5, 0, 0],
						"2.0833": [70, 0, 0],
						"2.3333": [-10, 0, 0],
						"2.5417": [52.5, 0, 0],
						"2.75": [47.5, 0, 0],
						"3.0": [70, 0, 0],
						"3.25": [-10, 0, 0],
						"3.4583": [-10, 0, 0],
						"3.6667": [52.5, 0, 0],
						"3.875": [47.5, 0, 0],
						"4.125": [70, 0, 0],
						"4.375": [-10, 0, 0],
						"4.5833": [47.5, 0, 0],
						"4.8333": [70, 0, 0],
						"5.0833": [-10, 0, 0],
						"5.2917": [52.5, 0, 0]
					}
				},
				"cow_leg1": {
					"rotation": {
						"0.0": [18.88172, 0, 0],
						"2.625": [37.41, 0, 0],
						"2.9167": [-13.62, 0, 0],
						"3.2083": [37.41, 0, 0],
						"3.4583": [-13.62, 0, 0],
						"3.75": [37.41, 0, 0],
						"4.0417": [-13.62, 0, 0],
						"4.3333": [37.41, 0, 0],
						"4.625": [-13.62, 0, 0],
						"4.9167": [37.41, 0, 0],
						"5.2083": [-13.62, 0, 0],
						"5.5": [37.41, 0, 0]
					}
				},
				"cow_leg2": {
					"rotation": {
						"0.0": [-34.97437, 0, 0],
						"1.9167": [-67.47, 0, 0],
						"2.2083": [10.03, 0, 0],
						"2.5": [-59.97, 0, 0],
						"2.75": [-34.97, 0, 0],
						"3.0417": [-67.47, 0, 0],
						"3.3333": [10.03, 0, 0],
						"3.625": [10.03, 0, 0],
						"3.9167": [-59.97, 0, 0],
						"4.1667": [-34.97, 0, 0],
						"4.4583": [-67.47, 0, 0],
						"4.75": [10.03, 0, 0],
						"5.0417": [-67.47, 0, 0],
						"5.3333": [10.03, 0, 0],
						"5.625": [-59.97, 0, 0]
					}
				},
				"cow_leg3": {
					"rotation": {
						"0.0": [-12.5, 0, 0],
						"2.8333": [-12.5, 0, 0],
						"3.0417": [4.71, 0, 0],
						"3.25": [-65, 0, 0],
						"3.4583": [-12.5, 0, 0],
						"3.6667": [4.71, 0, 0],
						"3.875": [-65, 0, 0],
						"4.0833": [4.71, 0, 0],
						"4.2917": [-65, 0, 0],
						"4.5": [-12.5, 0, 0],
						"4.7083": [4.71, 0, 0],
						"4.9167": [-65, 0, 0],
						"5.125": [-7.5, 0, 0]
					}
				},
				"cow": {
					"rotation": {
						"2.75": [0, 0, 0],
						"3.1667": {
							"pre": [-36.07143, 0, -8.33333],
							"post": [-36.07143, 0, -8.33333],
							"lerp_mode": "catmullrom"
						},
						"4.0": {
							"post": [33.97118, 13.70371, 10.25424],
							"lerp_mode": "catmullrom"
						},
						"4.5": [32.5, 0, -35]
					},
					"position": {
						"2.75": [0, 3, -419],
						"5.4167": [0, 2.85, -2.96]
					},
					"scale": {
						"1.9167": [0, 0, 0],
						"2.75": [1, 1, 1],
						"5.4167": [1, 1, 1],
						"5.4583": [0, 0, 0],
						"8.5": [0, 0, 0]
					}
				}
			}
		}
	}
}