{
	"format_version": "1.12.0",
	"minecraft:geometry": [
		{
			"description": {
				"identifier": "geometry.fortune_tnt",
				"texture_width": 128,
				"texture_height": 128,
				"visible_bounds_width": 4,
				"visible_bounds_height": 3.5,
				"visible_bounds_offset": [0, 1.25, 0]
			},
			"bones": [
				{
					"name": "Particles",
					"pivot": [13.8468, 18.078, -2.3844],
					"cubes": [
						{
							"origin": [10.8226, 8.7719, -13.4651],
							"size": [3.7332, 3.7332, 0],
							"uv": {
								"north": {"uv": [19.06, 106.06], "uv_size": [10.44, 11.44]},
								"east": {"uv": [24.06, 100.06], "uv_size": [-0.16, 3.88]},
								"south": {"uv": [28.5, 100.06], "uv_size": [0, 3.88]},
								"west": {"uv": [28.06, 100.06], "uv_size": [-0.16, 3.88]},
								"up": {"uv": [24.06, 99.9], "uv_size": [3.88, 0.16]},
								"down": {"uv": [28.06, 99.9], "uv_size": [3.88, 0.16]}
							}
						},
						{
							"origin": [10.38258, 2.33188, 11.5349],
							"size": [2.61324, 2.61324, 0],
							"pivot": [11.6892, 2.98519, 11.5349],
							"rotation": [0, 10, 0],
							"uv": {
								"north": {"uv": [19.06, 106.06], "uv_size": [10.44, 11.44]},
								"east": {"uv": [24.06, 100.06], "uv_size": [-0.16, 3.88]},
								"south": {"uv": [28.5, 100.06], "uv_size": [0, 3.88]},
								"west": {"uv": [28.06, 100.06], "uv_size": [-0.16, 3.88]},
								"up": {"uv": [24.06, 99.9], "uv_size": [3.88, 0.16]},
								"down": {"uv": [28.06, 99.9], "uv_size": [3.88, 0.16]}
							}
						},
						{
							"origin": [9.8714, 4.3095, 3.0396],
							"size": [2.98, 2.98, 0],
							"pivot": [11.3614, 5.7995, 3.0396],
							"rotation": [0, 0, -90],
							"uv": {
								"north": {"uv": [30.06, 98.06], "uv_size": [5.88, 5.88]},
								"east": {"uv": [30.06, 102.06], "uv_size": [-0.16, 1.88]},
								"south": {"uv": [32.06, 102.06], "uv_size": [1.88, 1.88]},
								"west": {"uv": [32.06, 102.06], "uv_size": [-0.16, 1.88]},
								"up": {"uv": [30.06, 101.9], "uv_size": [1.88, 0.16]},
								"down": {"uv": [32.06, 101.9], "uv_size": [1.88, 0.16]}
							}
						},
						{
							"origin": [11.34, 10.44, -5],
							"size": [3.12, 3.12, 0],
							"uv": {
								"north": {"uv": [30.06, 98.06], "uv_size": [5.88, 5.88]},
								"east": {"uv": [28.5, 102.06], "uv_size": [1, 1.88]},
								"south": {"uv": [26.125, 102.06], "uv_size": [2, 1.88]},
								"west": {"uv": [32.5, 102.06], "uv_size": [0.44, 1.88]},
								"up": {"uv": [27.06, 101.94], "uv_size": [1.88, -0.44]},
								"down": {"uv": [27.06, 102.5], "uv_size": [1.88, -0.44]}
							}
						},
						{
							"origin": [10.38258, 18.33188, 4.5349],
							"size": [2.61324, 2.61324, 0],
							"pivot": [11.6892, 18.98519, 4.5349],
							"rotation": [0, 10, 0],
							"uv": {
								"north": {"uv": [19.06, 106.06], "uv_size": [10.44, 11.44]},
								"east": {"uv": [24.06, 100.06], "uv_size": [-0.16, 3.88]},
								"south": {"uv": [28.5, 100.06], "uv_size": [0, 3.88]},
								"west": {"uv": [28.06, 100.06], "uv_size": [-0.16, 3.88]},
								"up": {"uv": [24.06, 99.9], "uv_size": [3.88, 0.16]},
								"down": {"uv": [28.06, 99.9], "uv_size": [3.88, 0.16]}
							}
						},
						{
							"origin": [-12.1774, 14.7719, 11.5349],
							"size": [3.7332, 3.7332, 0],
							"uv": {
								"north": {"uv": [19.06, 106.06], "uv_size": [10.44, 11.44]},
								"east": {"uv": [24.06, 100.06], "uv_size": [-0.16, 3.88]},
								"south": {"uv": [28.5, 100.06], "uv_size": [0, 3.88]},
								"west": {"uv": [28.06, 100.06], "uv_size": [-0.16, 3.88]},
								"up": {"uv": [24.06, 99.9], "uv_size": [3.88, 0.16]},
								"down": {"uv": [28.06, 99.9], "uv_size": [3.88, 0.16]}
							}
						},
						{
							"origin": [-0.01742, 5.03188, -12.4651],
							"size": [2.61324, 2.61324, 0],
							"pivot": [1.2892, 5.68519, -12.4651],
							"rotation": [0, 10, 0],
							"uv": {
								"north": {"uv": [19.06, 106.06], "uv_size": [10.44, 11.44]},
								"east": {"uv": [24.06, 100.06], "uv_size": [-0.16, 3.88]},
								"south": {"uv": [28.5, 100.06], "uv_size": [0, 3.88]},
								"west": {"uv": [28.06, 100.06], "uv_size": [-0.16, 3.88]},
								"up": {"uv": [24.06, 99.9], "uv_size": [3.88, 0.16]},
								"down": {"uv": [28.06, 99.9], "uv_size": [3.88, 0.16]}
							}
						},
						{
							"origin": [8.34, 2.44, -12],
							"size": [3.12, 3.12, 0],
							"uv": {
								"north": {"uv": [30.06, 98.06], "uv_size": [5.88, 5.88]},
								"east": {"uv": [28.5, 102.06], "uv_size": [1, 1.88]},
								"south": {"uv": [26.125, 102.06], "uv_size": [2, 1.88]},
								"west": {"uv": [32.5, 102.06], "uv_size": [0.44, 1.88]},
								"up": {"uv": [27.06, 101.94], "uv_size": [1.88, -0.44]},
								"down": {"uv": [27.06, 102.5], "uv_size": [1.88, -0.44]}
							}
						},
						{
							"origin": [-13.36, 3.64, -13],
							"size": [2.72, 2.72, 0],
							"pivot": [-12, 5, -13],
							"rotation": [-25, 0, -90],
							"uv": {
								"north": {"uv": [30.06, 98.06], "uv_size": [5.88, 5.88]},
								"east": {"uv": [30.06, 102.06], "uv_size": [-0.16, 1.88]},
								"south": {"uv": [32.06, 102.06], "uv_size": [1.88, 1.88]},
								"west": {"uv": [32.06, 102.06], "uv_size": [-0.16, 1.88]},
								"up": {"uv": [30.06, 101.9], "uv_size": [1.88, 0.16]},
								"down": {"uv": [32.06, 101.9], "uv_size": [1.88, 0.16]}
							}
						},
						{
							"origin": [-14.58009, 4.36921, -9.4651],
							"size": [2.53858, 2.53858, 0],
							"pivot": [-13.3108, 5.00386, -9.4651],
							"rotation": [0, 22.5, 0],
							"uv": {
								"north": {"uv": [19.06, 106.06], "uv_size": [10.44, 11.44]},
								"east": {"uv": [24.06, 100.06], "uv_size": [-0.16, 3.88]},
								"south": {"uv": [28.5, 100.06], "uv_size": [0, 3.88]},
								"west": {"uv": [28.06, 100.06], "uv_size": [-0.16, 3.88]},
								"up": {"uv": [24.06, 99.9], "uv_size": [3.88, 0.16]},
								"down": {"uv": [28.06, 99.9], "uv_size": [3.88, 0.16]}
							}
						},
						{
							"origin": [-14.1286, 5.3095, 3.0396],
							"size": [2.98, 2.98, 0],
							"pivot": [-12.6386, 6.7995, 3.0396],
							"rotation": [0, 0, 107.5],
							"uv": {
								"north": {"uv": [30.06, 98.06], "uv_size": [5.88, 5.88]},
								"east": {"uv": [30.06, 102.06], "uv_size": [-0.16, 1.88]},
								"south": {"uv": [32.06, 102.06], "uv_size": [1.88, 1.88]},
								"west": {"uv": [32.06, 102.06], "uv_size": [-0.16, 1.88]},
								"up": {"uv": [30.06, 101.9], "uv_size": [1.88, 0.16]},
								"down": {"uv": [32.06, 101.9], "uv_size": [1.88, 0.16]}
							}
						},
						{
							"origin": [-8.1286, 2.3095, 11.0396],
							"size": [2.98, 2.98, 0],
							"pivot": [-6.6386, 3.7995, 11.0396],
							"rotation": [0, 0, 77.5],
							"uv": {
								"north": {"uv": [30.06, 98.06], "uv_size": [5.88, 5.88]},
								"east": {"uv": [30.06, 102.06], "uv_size": [-0.16, 1.88]},
								"south": {"uv": [32.06, 102.06], "uv_size": [1.88, 1.88]},
								"west": {"uv": [32.06, 102.06], "uv_size": [-0.16, 1.88]},
								"up": {"uv": [30.06, 101.9], "uv_size": [1.88, 0.16]},
								"down": {"uv": [32.06, 101.9], "uv_size": [1.88, 0.16]}
							}
						},
						{
							"origin": [-6, 19, 7],
							"size": [2, 2, 0],
							"pivot": [-5, 20, 7],
							"rotation": [-27.5, 0, -90],
							"uv": {
								"north": {"uv": [30.06, 98.06], "uv_size": [5.88, 5.88]},
								"east": {"uv": [30.06, 102.06], "uv_size": [-0.16, 1.88]},
								"south": {"uv": [32.06, 102.06], "uv_size": [1.88, 1.88]},
								"west": {"uv": [32.06, 102.06], "uv_size": [-0.16, 1.88]},
								"up": {"uv": [30.06, 101.9], "uv_size": [1.88, 0.16]},
								"down": {"uv": [32.06, 101.9], "uv_size": [1.88, 0.16]}
							}
						},
						{
							"origin": [11.5368, 16.768, -2.3844],
							"size": [2.62, 2.62, 0],
							"pivot": [12.8468, 18.078, -2.3844],
							"rotation": [0, 0, -157.5],
							"uv": {
								"north": {"uv": [30.06, 98.06], "uv_size": [5.88, 5.88]},
								"east": {"uv": [30.06, 102.06], "uv_size": [-0.16, 1.88]},