{
	"format_version": "1.12.0",
	"minecraft:geometry": [
		{
			"description": {
				"identifier": "geometry.vortex_tnt",
				"texture_width": 128,
				"texture_height": 128,
				"visible_bounds_width": 3,
				"visible_bounds_height": 2.5,
				"visible_bounds_offset": [0, 0.75, 0]
			},
			"bones": [
				{
					"name": "bone",
					"pivot": [7.7, 14, -5.8],
					"cubes": [
						{
							"origin": [-5.8, 4.62, -5.4],
							"size": [10.2, 10.2, 10.2],
							"uv": {
								"north": {
									"uv": [16.06, 16.06],
									"uv_size": [15.88, 15.88]
								},
								"east": {
									"uv": [0.06, 16.06],
									"uv_size": [15.88, 15.88]
								},
								"south": {
									"uv": [48.06, 16.06],
									"uv_size": [15.88, 15.88]
								},
								"west": {
									"uv": [32.06, 16.06],
									"uv_size": [15.88, 15.88]
								},
								"up": {
									"uv": [16.06, 0.06],
									"uv_size": [15.88, 15.88]
								},
								"down": {
									"uv": [32.06, 15.94],
									"uv_size": [15.88, -15.88]
								}
							}
						}
					]
				},
				{
					"name": "bone3",
					"pivot": [-0.20689, 10.42141, -0.36716],
					"cubes": [
						{
							"origin": [-10.60256, -0.01389, -0.34659],
							"size": [19.98392, 19.98392, 0],
							"pivot": [-0.6106, 9.97807, -0.34659],
							"rotation": [-89.99999, 0, -20],
							"uv": {
								"north": {
									"uv": [51.06, 57.06],
									"uv_size": [66.88, 66.88]
								},
								"east": {
									"uv": [72.56, 4.56],
									"uv_size": [0, 25.88]
								},
								"south": {
									"uv": [14.56, 104.06],
									"uv_size": [1.88, 5.44]
								},
								"west": {
									"uv": [75.06, 4.56],
									"uv_size": [-0.12, 25.88]
								},
								"up": {
									"uv": [66.06, 35.56],
									"uv_size": [25.88, 0]
								},
								"down": {
									"uv": [65.56, 33.56],
									"uv_size": [25.88, 0]
								}
							}
						},
						{
							"origin": [-10.60256, -0.01389, -0.34659],
							"size": [19.98392, 19.98392, 0],
							"pivot": [-0.6106, 9.97807, -0.34659],
							"rotation": [-90, 0, 25],
							"uv": {
								"north": {
									"uv": [51.06, 57.06],
									"uv_size": [66.88, 66.88]
								},
								"east": {
									"uv": [72.56, 4.56],
									"uv_size": [0, 25.88]
								},
								"south": {
									"uv": [14.56, 104.06],
									"uv_size": [1.88, 5.44]
								},
								"west": {
									"uv": [75.06, 4.56],
									"uv_size": [-0.12, 25.88]
								},
								"up": {
									"uv": [66.06, 35.56],
									"uv_size": [25.88, 0]
								},
								"down": {
									"uv": [65.56, 33.56],
									"uv_size": [25.88, 0]
								}
							}
						},
						{
							"origin": [-10.60256, -0.01389, -0.34659],
							"size": [19.98392, 19.98392, 0],
							"pivot": [-0.6106, 9.97807, -0.34659],
							"rotation": [-90, 0, 90],
							"uv": {
								"north": {
									"uv": [51.06, 57.06],
									"uv_size": [66.88, 66.88]
								},
								"east": {
									"uv": [72.56, 4.56],
									"uv_size": [0, 25.88]
								},
								"south": {
									"uv": [14.56, 104.06],
									"uv_size": [1.88, 5.44]
								},
								"west": {
									"uv": [75.06, 4.56],
									"uv_size": [-0.12, 25.88]
								},
								"up": {
									"uv": [66.06, 35.56],
									"uv_size": [25.88, 0]
								},
								"down": {
									"uv": [65.56, 33.56],
									"uv_size": [25.88, 0]
								}
							}
						}
					]
				},
				{
					"name": "bone2",
					"pivot": [0.0916, 10.51, 0.152],
					"rotation": [0, 0, 90]
				}
			]
		}
	]
}