{
	"format_version": "1.12.0",
	"minecraft:geometry": [
		{
			"description": {
				"identifier": "geometry.bloom_tnt",
				"texture_width": 128,
				"texture_height": 128,
				"visible_bounds_width": 4,
				"visible_bounds_height": 2.5,
				"visible_bounds_offset": [0, 0.75, 0]
			},
			"bones": [
				{
					"name": "bb_main",
					"pivot": [0, 0, 0],
					"cubes": [
						{
							"origin": [7.58744, 0, -10.00291],
							"size": [7.1416, 12.2832, 0],
							"pivot": [11.15824, 7.1416, -10.00291],
							"rotation": [0, -125, 0],
							"uv": {
								"north": {"uv": [48.5, 59.5], "uv_size": [7, 19]},
								"east": {"uv": [48.06, 58.06], "uv_size": [0, 15.88]},
								"south": {"uv": [56.06, 58.06], "uv_size": [0.44, 20.44]},
								"west": {"uv": [56.06, 58.06], "uv_size": [0, 15.88]},
								"up": {"uv": [48.06, 58.06], "uv_size": [7.88, 0]},
								"down": {"uv": [56.06, 58.06], "uv_size": [7.88, 0]}
							}
						},
						{
							"origin": [3.82803, 14.33232, -5.60496],
							"size": [3.7128, 3.7128, 0],
							"pivot": [5.68443, 16.18872, -5.60496],
							"rotation": [-90, 0, 0],
							"uv": {
								"north": {"uv": [10.5, 85.5], "uv_size": [6.44, 6.44]},
								"east": {"uv": [17.06, 90.06], "uv_size": [1.88, 1.88]},
								"south": {"uv": [23.06, 90.06], "uv_size": [1.88, 1.88]},
								"west": {"uv": [21.06, 90.06], "uv_size": [1.88, 1.88]},
								"up": {"uv": [10.5, 85.5], "uv_size": [6.44, 6.44]},
								"down": {"uv": [21.06, 89.94], "uv_size": [1.88, -1.88]}
							}
						},
						{
							"origin": [-9.97197, 11.53232, 5.19504],
							"size": [3.7128, 3.7128, 0],
							"pivot": [-8.11557, 13.38872, 5.19504],
							"rotation": [-90, 0, -90],
							"uv": {
								"north": {"uv": [10.5, 85.5], "uv_size": [6.44, 6.44]},
								"east": {"uv": [17.06, 90.06], "uv_size": [1.88, 1.88]},
								"south": {"uv": [23.06, 90.06], "uv_size": [1.88, 1.88]},
								"west": {"uv": [21.06, 90.06], "uv_size": [1.88, 1.88]},
								"up": {"uv": [10.5, 85.5], "uv_size": [6.44, 6.44]},
								"down": {"uv": [21.06, 89.94], "uv_size": [1.88, -1.88]}
							}
						},
						{
							"origin": [-5.87197, 10.03232, -8.30496],
							"size": [3.7128, 3.7128, 0],
							"pivot": [-4.01557, 11.88872, -8.30496],
							"rotation": [0, 0, -90],
							"uv": {
								"north": {"uv": [10.5, 85.5], "uv_size": [6.44, 6.44]},
								"east": {"uv": [17.06, 90.06], "uv_size": [1.88, 1.88]},
								"south": {"uv": [23.06, 90.06], "uv_size": [1.88, 1.88]},
								"west": {"uv": [21.06, 90.06], "uv_size": [1.88, 1.88]},
								"up": {"uv": [10.5, 85.5], "uv_size": [6.44, 6.44]},
								"down": {"uv": [21.06, 89.94], "uv_size": [1.88, -1.88]}
							}
						}
					]
				},
				{
					"name": "TNTBLOCK",
					"pivot": [-5.38, 9.85, -9.81],
					"cubes": [
						{
							"origin": [5.125, 17.05, -0.075],
							"size": [3.45, 3.45, 0],
							"uv": {
								"north": {"uv": [11.06, 72.5], "uv_size": [5.44, 5.44]},
								"east": {"uv": [7.06, 72.06], "uv_size": [0, 9.88]},
								"south": {"uv": [17.06, 72.06], "uv_size": [9.88, 9.88]},
								"west": {"uv": [17.06, 72.06], "uv_size": [0, 9.88]},
								"up": {"uv": [7.06, 72.06], "uv_size": [9.88, 0]},
								"down": {"uv": [17.06, 72.06], "uv_size": [9.88, 0]}
							}
						},
						{
							"origin": [-13.7636, 10.452, -2.7412],
							"size": [3.496, 3.496, 0],
							"pivot": [-10.6172, 10.452, -5.1884],
							"rotation": [0, 90, 0],
							"uv": {
								"north": {"uv": [11.06, 72.5], "uv_size": [5.44, 5.44]},
								"east": {"uv": [7.06, 72.06], "uv_size": [0, 9.88]},
								"south": {"uv": [17.06, 72.06], "uv_size": [9.88, 9.88]},
								"west": {"uv": [17.06, 72.06], "uv_size": [0, 9.88]},
								"up": {"uv": [7.06, 72.06], "uv_size": [9.88, 0]},
								"down": {"uv": [17.06, 72.06], "uv_size": [9.88, 0]}
							}
						},
						{
							"origin": [2.082, 11.452, -8.39],
							"size": [3.496, 3.496, 0],
							"uv": {
								"north": {"uv": [11.06, 72.5], "uv_size": [5.44, 5.44]},
								"east": {"uv": [7.06, 72.06], "uv_size": [0, 9.88]},
								"south": {"uv": [17.06, 72.06], "uv_size": [9.88, 9.88]},
								"west": {"uv": [17.06, 72.06], "uv_size": [0, 9.88]},
								"up": {"uv": [7.06, 72.06], "uv_size": [9.88, 0]},
								"down": {"uv": [17.06, 72.06], "uv_size": [9.88, 0]}
							}
						},
						{
							"origin": [6.482, 10.252, 5.01],
							"size": [3.496, 3.496, 0],
							"pivot": [8.23, 12, 5.01],
							"rotation": [0, -90, 0],
							"uv": {
								"north": {"uv": [11.06, 72.5], "uv_size": [5.44, 5.44]},
								"east": {"uv": [7.06, 72.06], "uv_size": [0, 9.88]},
								"south": {"uv": [17.06, 72.06], "uv_size": [9.88, 9.88]},
								"west": {"uv": [17.06, 72.06], "uv_size": [0, 9.88]},
								"up": {"uv": [7.06, 72.06], "uv_size": [9.88, 0]},
								"down": {"uv": [17.06, 72.06], "uv_size": [9.88, 0]}
							}
						},
						{
							"origin": [6.61773, 12.08483, -3.68811],
							"size": [3.21632, 3.21632, 0],
							"pivot": [8.22589, 13.69299, -3.68811],
							"rotation": [0, -90, 0],
							"uv": {
								"north": {"uv": [11.06, 72.5], "uv_size": [5.44, 5.44]},
								"east": {"uv": [7.06, 72.06], "uv_size": [0, 9.88]},
								"south": {"uv": [17.06, 72.06], "uv_size": [9.88, 9.88]},
								"west": {"uv": [17.06, 72.06], "uv_size": [0, 9.88]},
								"up": {"uv": [7.06, 72.06], "uv_size": [9.88, 0]},
								"down": {"uv": [17.06, 72.06], "uv_size": [9.88, 0]}
							}
						},
						{
							"origin": [-6.0365, 14.6635, -1.6],
							"size": [3.473, 3.473, 0],
							"pivot": [-4.3, 16.4, -1.6],
							"rotation": [-90, 0, 0],
							"uv": {
								"north": {"uv": [11.06, 72.5], "uv_size": [5.44, 5.44]},
								"east": {"uv": [7.06, 72.06], "uv_size": [0, 9.88]},
								"south": {"uv": [17.06, 72.06], "uv_size": [9.88, 9.88]},
								"west": {"uv": [17.06, 72.06], "uv_size": [0, 9.88]},
								"up": {"uv": [7.06, 72.06], "uv_size": [9.88, 0]},
								"down": {"uv": [17.06, 72.06], "uv_size": [9.88, 0]}
							}
						},
						{
							"origin": [2.9635, 14.6635, 4.8],
							"size": [3.473, 3.473, 0],
							"pivot": [4.7, 16.4, 4.8],
							"rotation": [-90, 0, 0],
							"uv": {
								"north": {"uv": [11.06, 72.5], "uv_size": [5.44, 5.44]},
								"east": {"uv": [7.06, 72.06], "uv_size": [0, 9.88]},
								"south": {"uv": [17.06, 72.06], "uv_size": [9.88, 9.88]},
								"west": {"uv": [17.06, 72.06], "uv_size": [0, 9.88]},
								"up": {"uv": [7.06, 72.06], "uv_size": [9.88, 0]},
								"down": {"uv": [17.06, 72.06], "uv_size": [9.88, 0]}
							}
						},
						{"origin": [-8, 0, -8], "size": [16, 16, 16], "uv": [0, 26]},
						{
							"origin": [-8, 16, 0],
							"size": [16, 8, 0],
							"uv": {
								"north": {"uv": [0.5, 58.06], "uv_size": [15, 7.88]},
								"east": {"uv": [0.06, 58.06], "uv_size": [0, 7.88]},
								"south": {"uv": [16.06, 58.06], "uv_size": [0.44, 7.88]},
								"west": {"uv": [16.06, 58.06], "uv_size": [0, 7.88]},
								"up": {"uv": [0.06, 58.06], "uv_size": [15.88, 0]},
								"down": {"uv": [16.06, 58.06], "uv_size": [15.88, 0]}
							}
						},
						{"origin": [-13, 0, -13], "size": [26, 0, 26], "uv": [0, 0]}
					]
				},
				{
					"name": "bute2",
					"pivot": [-4, 18, 9.5],
					"rotation": [-19.71329, 46.91784, 14.22454],
					"cubes": [
						{
							"origin": [-9.24, 15.84, 9.5],
							"size": [3.24, 4.32, 0],
							"pivot": [-6, 18, 9.5],
							"rotation": [105.57939, 12.70001, 141.74437],
							"uv": {
								"north": {"uv": [82.5, 52.06], "uv_size": [6, 7.88]},
								"east": {"uv": [82.06, 52.06], "uv_size": [0, 7.88]},
								"south": {"uv": [87.06, 61.5], "uv_size": [0.44, 8]},
								"west": {"uv": [83.94, 61.06], "uv_size": [-1.44, 7.88]},
								"up": {"uv": [82.06, 52.06], "uv_size": [13.88, 0]},
								"down": {"uv": [82.06, 64.06], "uv_size": [5.44, 0.88]}
							}
						},
						{
							"origin": [-9.24, 15.84, 9.5],