{
	"format_version": "1.12.0",
	"minecraft:geometry": [
		{
			"description": {
				"identifier": "geometry.cyclone_tnt",
				"texture_width": 128,
				"texture_height": 128,
				"visible_bounds_width": 3,
				"visible_bounds_height": 3.5,
				"visible_bounds_offset": [0, 1.25, 0]
			},
			"bones": [
				{
					"name": "bb_main",
					"pivot": [0, 0, 0],
					"cubes": [
						{
							"origin": [8.74, 13.18, 4.82],
							"size": [0, 4.74, 8.36],
							"pivot": [8.74, 15.3, 10],
							"rotation": [-35.82056, -18.79787, 84.97965],
							"uv": {
								"north": {"uv": [24.06, 83.06], "uv_size": [0, 15.88]},
								"east": {"uv": [22.5, 87.5], "uv_size": [21.44, 9.44]},
								"south": {"uv": [48.06, 83.06], "uv_size": [0, 15.88]},
								"west": {"uv": [21.06, 98.5], "uv_size": [23.88, 0.44]},
								"up": {"uv": [24.06, 59.06], "uv_size": [0, 23.88]},
								"down": {"uv": [24.06, 82.94], "uv_size": [0, -23.88]}
							}
						},
						{
							"origin": [-8.56, 12.18, -15.18],
							"size": [0, 4.74, 8.36],
							"pivot": [-8.56, 14.3, -10],
							"rotation": [121.94892, -13.29141, 89.14293],
							"uv": {
								"north": {"uv": [24.06, 83.06], "uv_size": [0, 15.88]},
								"east": {"uv": [22.5, 87.5], "uv_size": [21.44, 9.44]},
								"south": {"uv": [48.06, 83.06], "uv_size": [0, 15.88]},
								"west": {"uv": [21.06, 98.5], "uv_size": [23.88, 0.44]},
								"up": {"uv": [24.06, 59.06], "uv_size": [0, 23.88]},
								"down": {"uv": [24.06, 82.94], "uv_size": [0, -23.88]}
							}
						},
						{
							"origin": [7.2076, 2.8332, 1.8668],
							"size": [0, 3.5076, 6.1864],
							"pivot": [7.2076, 4.402, 5.7],
							"rotation": [-26.05448, -14.61122, 94.46476],
							"uv": {
								"north": {"uv": [24.06, 83.06], "uv_size": [0, 15.88]},
								"east": {"uv": [22.5, 87.5], "uv_size": [21.44, 9.44]},
								"south": {"uv": [48.06, 83.06], "uv_size": [0, 15.88]},
								"west": {"uv": [21.06, 98.5], "uv_size": [23.88, 0.44]},
								"up": {"uv": [24.06, 59.06], "uv_size": [0, 23.88]},
								"down": {"uv": [24.06, 82.94], "uv_size": [0, -23.88]}
							}
						},
						{
							"origin": [7.2268, 7.9876, -11.6276],
							"size": [0, 3.8868, 6.8552],
							"pivot": [7.2268, 9.726, -7.38],
							"rotation": [30.06888, 12.77309, 113.84619],
							"uv": {
								"north": {"uv": [24.06, 83.06], "uv_size": [0, 15.88]},
								"east": {"uv": [43.94, 87.5], "uv_size": [-21.44, 9.44]},
								"south": {"uv": [48.06, 83.06], "uv_size": [0, 15.88]},
								"west": {"uv": [21.06, 98.5], "uv_size": [23.88, 0.44]},
								"up": {"uv": [24.06, 59.06], "uv_size": [0, 23.88]},
								"down": {"uv": [24.06, 82.94], "uv_size": [0, -23.88]}
							}
						},
						{
							"origin": [-4.3732, 1.9876, -10.6276],
							"size": [0, 3.8868, 6.8552],
							"pivot": [-4.3732, 3.726, -6.38],
							"rotation": [130.7546, 0.28758, 98.08691],
							"uv": {
								"north": {"uv": [24.06, 83.06], "uv_size": [0, 15.88]},
								"east": {"uv": [43.94, 87.5], "uv_size": [-21.44, 9.44]},
								"south": {"uv": [48.06, 83.06], "uv_size": [0, 15.88]},
								"west": {"uv": [21.06, 98.5], "uv_size": [23.88, 0.44]},
								"up": {"uv": [24.06, 59.06], "uv_size": [0, 23.88]},
								"down": {"uv": [24.06, 82.94], "uv_size": [0, -23.88]}
							}
						},
						{
							"origin": [-9.099, 10.83575, -8.455],
							"size": [16.91, 6.8085, 16.91],
							"pivot": [-0.644, 13.795, 0],
							"rotation": [5.00474, 2.49048, 0.21803],
							"uv": {
								"north": {"uv": [20.06, 20.06], "uv_size": [19.88, 6.88]},
								"east": {"uv": [0.06, 20.06], "uv_size": [19.88, 6.88]},
								"south": {"uv": [60.06, 20.06], "uv_size": [19.88, 6.88]},
								"west": {"uv": [40.06, 20.06], "uv_size": [19.88, 6.88]},
								"up": {"uv": [20.06, 0.06], "uv_size": [19.88, 19.88]},
								"down": {"uv": [40.06, 19.94], "uv_size": [19.88, -19.88]}
							}
						},
						{
							"origin": [-7.7, 5, -7],
							"size": [14, 10, 14],
							"pivot": [-0.7, 8, 0],
							"rotation": [-5.07673, -9.96156, 0.88045],
							"uv": {
								"north": {"uv": [62.06, 73.06], "uv_size": [13.88, 5.88]},
								"east": {"uv": [48.06, 73.06], "uv_size": [13.88, 5.88]},
								"south": {"uv": [90.06, 73.06], "uv_size": [13.88, 5.88]},
								"west": {"uv": [76.06, 73.06], "uv_size": [13.88, 5.88]},
								"up": {"uv": [62.06, 59.06], "uv_size": [13.88, 13.88]},
								"down": {"uv": [76.06, 72.94], "uv_size": [13.88, -13.88]}
							}
						},
						{
							"origin": [-4.45, 2.83, -4.45],
							"size": [8.9, 5.34, 8.9],
							"pivot": [0, 5.5, 0],
							"rotation": [5.25806, 24.97457, 1.16524],
							"uv": {
								"north": {"uv": [74.06, 37.06], "uv_size": [9.88, 3.88]},
								"east": {"uv": [64.06, 37.06], "uv_size": [9.88, 3.88]},
								"south": {"uv": [94.06, 37.06], "uv_size": [9.88, 3.88]},
								"west": {"uv": [84.06, 37.06], "uv_size": [9.88, 3.88]},
								"up": {"uv": [74.06, 27.06], "uv_size": [9.88, 9.88]},
								"down": {"uv": [84.06, 36.94], "uv_size": [9.88, -9.88]}
							}
						},
						{
							"origin": [-3, 1.5, -3],
							"size": [6, 3, 6],
							"pivot": [0, 1.5, 0],
							"rotation": [-2.33045, -1.29256, -14.94548],
							"uv": {
								"north": {"uv": [54.06, 85.06], "uv_size": [5.88, 2.38]},
								"east": {"uv": [48.06, 85.06], "uv_size": [5.88, 2.38]},
								"south": {"uv": [66.06, 85.06], "uv_size": [5.88, 2.38]},
								"west": {"uv": [60.06, 85.06], "uv_size": [5.88, 2.38]},
								"up": {"uv": [54.06, 79.06], "uv_size": [5.88, 5.88]},
								"down": {"uv": [60.06, 84.94], "uv_size": [5.88, -5.88]}
							}
						},
						{
							"origin": [10.04, 15.64, -10.68],
							"size": [0, 2.8, 4.2],
							"pivot": [10.04, 16.48, -9],
							"rotation": [-48.89078, 6.97209, -26.94823],
							"uv": {
								"north": {"uv": [72.06, 97.06], "uv_size": [0, 7.88]},
								"east": {"uv": [56.06, 93.06], "uv_size": [8.44, 5.44]},
								"south": {"uv": [87.06, 97.06], "uv_size": [0, 7.88]},
								"west": {"uv": [72.06, 97.31], "uv_size": [14.78, 7.63]},
								"up": {"uv": [72.06, 82.06], "uv_size": [0, 14.88]},
								"down": {"uv": [72.06, 96.94], "uv_size": [0, -14.88]}
							}
						},
						{
							"origin": [4.7269, 5.54534, -11.4577],
							"size": [0, 2.072, 3.108],
							"pivot": [4.7269, 6.16694, -10.2145],
							"rotation": [-34.04721, 66.00093, -57.23782],
							"uv": {
								"north": {"uv": [72.06, 97.06], "uv_size": [0, 7.88]},
								"east": {"uv": [56.06, 93.06], "uv_size": [8.44, 5.44]},
								"south": {"uv": [87.06, 97.06], "uv_size": [0, 7.88]},
								"west": {"uv": [72.06, 97.31], "uv_size": [14.78, 7.63]},
								"up": {"uv": [72.06, 82.06], "uv_size": [0, 14.88]},
								"down": {"uv": [72.06, 96.94], "uv_size": [0, -14.88]}
							}
						},
						{
							"origin": [-8.9252, 7.2568, -10.0316],
							"size": [0, 2.436, 3.654],
							"pivot": [-8.9252, 7.9876, -8.57],
							"rotation": [-130.85161, 55.82991, -68.29409],
							"uv": {
								"north": {"uv": [72.06, 97.06], "uv_size": [0, 7.88]},
								"east": {"uv": [56.06, 93.06], "uv_size": [8.44, 5.44]},
								"south": {"uv": [87.06, 97.06], "uv_size": [0, 7.88]},
								"west": {"uv": [72.06, 97.31], "uv_size": [14.78, 7.63]},
								"up": {"uv": [72.06, 82.06], "uv_size": [0, 14.88]},
								"down": {"uv": [72.06, 96.94], "uv_size": [0, -14.88]}
							}
						},
						{
							"origin": [11.04, 9.64, 6.32],
							"size": [0, 2.8, 4.2],
							"pivot": [11.04, 10.48, 8],
							"rotation": [5.70878, -23.61033, -7.43536],
							"uv": {
								"north": {"uv": [72.06, 97.06], "uv_size": [0, 7.88]},
								"east": {"uv": [56.06, 93.06], "uv_size": [8.44, 5.44]},
								"south": {"uv": [87.06, 97.06], "uv_size": [0, 7.88]},
								"west": {"uv": [72.06, 97.31], "uv_size": [14.78, 7.63]},
								"up": {"uv": [72.06, 82.06], "uv_size": [0, 14.88]},
								"down": {"uv": [72.06, 96.94],