{
	"format_version": "1.12.0",
	"minecraft:geometry": [
		{
			"description": {
				"identifier": "geometry.cursed_tnt",
				"texture_width": 128,
				"texture_height": 128,
				"visible_bounds_width": 3,
				"visible_bounds_height": 3.5,
				"visible_bounds_offset": [0, 1.25, 0]
			},
			"bones": [
				{
					"name": "bb_main",
					"pivot": [0, 0, 0],
					"cubes": [
						{
							"origin": [10, 13.025, 0.58],
							"size": [0, 2.95, 9.44],
							"pivot": [10, 14.5, 5.3],
							"rotation": [174.68471, 84.5381, 153.37414],
							"uv": {
								"north": {"uv": [16.06, 48.06], "uv_size": [-0.12, 4.88]},
								"east": {"uv": [0.06, 48.06], "uv_size": [15.88, 4.88]},
								"south": {"uv": [32.06, 48.06], "uv_size": [-0.12, 4.88]},
								"west": {"uv": [16.06, 48.06], "uv_size": [15.88, 4.88]},
								"up": {"uv": [15.94, 32.06], "uv_size": [0.12, 15.88]},
								"down": {"uv": [15.94, 47.94], "uv_size": [0.12, -15.88]}
							}
						},
						{
							"origin": [-9, 14.025, -12.42],
							"size": [0, 2.95, 9.44],
							"pivot": [-9, 15.5, -7.7],
							"rotation": [116.71248, 43.4981, -25.08211],
							"uv": {
								"north": {"uv": [16.06, 48.06], "uv_size": [-0.12, 4.88]},
								"east": {"uv": [0.06, 48.06], "uv_size": [15.88, 4.88]},
								"south": {"uv": [32.06, 48.06], "uv_size": [-0.12, 4.88]},
								"west": {"uv": [16.06, 48.06], "uv_size": [15.88, 4.88]},
								"up": {"uv": [15.94, 32.06], "uv_size": [0.12, 15.88]},
								"down": {"uv": [15.94, 47.94], "uv_size": [0.12, -15.88]}
							}
						},
						{
							"origin": [-5, 13.025, -14.42],
							"size": [0, 2.95, 9.44],
							"pivot": [-5, 14.5, -9.7],
							"rotation": [160.45695, 8.65086, 10.00102],
							"uv": {
								"north": {"uv": [16.06, 48.06], "uv_size": [-0.12, 4.88]},
								"east": {"uv": [0.06, 48.06], "uv_size": [15.88, 4.88]},
								"south": {"uv": [32.06, 48.06], "uv_size": [-0.12, 4.88]},
								"west": {"uv": [16.06, 48.06], "uv_size": [15.88, 4.88]},
								"up": {"uv": [15.94, 32.06], "uv_size": [0.12, 15.88]},
								"down": {"uv": [15.94, 47.94], "uv_size": [0.12, -15.88]}
							}
						},
						{
							"origin": [7, 13.875, 4.8],
							"size": [0, 3.25, 10.4],
							"pivot": [7, 15.5, 10],
							"rotation": [28.27463, 19.50645, 4.50432],
							"uv": {
								"north": {"uv": [16.06, 48.06], "uv_size": [-0.12, 4.88]},
								"east": {"uv": [0.06, 48.06], "uv_size": [15.88, 4.88]},
								"south": {"uv": [32.06, 48.06], "uv_size": [-0.12, 4.88]},
								"west": {"uv": [16.06, 48.06], "uv_size": [15.88, 4.88]},
								"up": {"uv": [15.94, 32.06], "uv_size": [0.12, 15.88]},
								"down": {"uv": [15.94, 47.94], "uv_size": [0.12, -15.88]}
							}
						},
						{"origin": [-8, 0, -8], "size": [16, 16, 16], "uv": [0, 0]},
						{"origin": [0.2, 15, -9.9], "size": [0, 11, 20.9], "pivot": [0.2, 20.5, 0], "rotation": [0, 45, 0], "uv": [67, -4]},
						{"origin": [0.2, 15, -9.9], "size": [0, 11, 20.9], "pivot": [0.2, 20.5, 0], "rotation": [0, 137.5, 0], "uv": [67, -4]},
						{
							"origin": [8.12835, 10.17735, -6.53901],
							"size": [0, 6.51, 3.72],
							"pivot": [8.12835, 13.43235, -4.67901],
							"rotation": [-47.5, 0, 0],
							"uv": {
								"north": {"uv": [72.06, 0.06], "uv_size": [0, 6.88]},
								"east": {"uv": [68.06, 0.06], "uv_size": [3.88, 6.88]},
								"south": {"uv": [76.06, 0.06], "uv_size": [0, 6.88]},
								"west": {"uv": [72.06, 0.06], "uv_size": [3.88, 6.88]},
								"up": {"uv": [72.06, -3.94], "uv_size": [0, 3.88]},
								"down": {"uv": [72.06, -0.06], "uv_size": [0, -3.88]}
							}
						},
						{
							"origin": [2.12835, 10.17735, -10.03901],
							"size": [0, 6.51, 3.72],
							"pivot": [2.12835, 13.43235, -8.17901],
							"rotation": [36.64092, 89.58239, 96.60714],
							"uv": {
								"north": {"uv": [72.06, 0.06], "uv_size": [0, 6.88]},
								"east": {"uv": [68.06, 0.06], "uv_size": [3.88, 6.88]},
								"south": {"uv": [76.06, 0.06], "uv_size": [0, 6.88]},
								"west": {"uv": [72.06, 0.06], "uv_size": [3.88, 6.88]},
								"up": {"uv": [72.06, -3.94], "uv_size": [0, 3.88]},
								"down": {"uv": [72.06, -0.06], "uv_size": [0, -3.88]}
							}
						},
						{
							"origin": [4.52835, -0.82265, -10.03901],
							"size": [0, 6.51, 3.72],
							"pivot": [4.52835, 2.43235, -8.17901],
							"rotation": [-13.35908, 89.58239, 96.60714],
							"uv": {
								"north": {"uv": [72.06, 0.06], "uv_size": [0, 6.88]},
								"east": {"uv": [68.06, 0.06], "uv_size": [3.88, 6.88]},
								"south": {"uv": [76.06, 0.06], "uv_size": [0, 6.88]},
								"west": {"uv": [72.06, 0.06], "uv_size": [3.88, 6.88]},
								"up": {"uv": [72.06, -3.94], "uv_size": [0, 3.88]},
								"down": {"uv": [72.06, -0.06], "uv_size": [0, -3.88]}
							}
						},
						{
							"origin": [8.12835, 0.0562, 1.96319],
							"size": [0, 4.7523, 2.7156],
							"pivot": [8.12835, 2.43235, 3.32099],
							"rotation": [47.5, 0, 0],
							"uv": {
								"north": {"uv": [72.06, 0.06], "uv_size": [0, 6.88]},
								"east": {"uv": [68.06, 0.06], "uv_size": [3.88, 6.88]},
								"south": {"uv": [76.06, 0.06], "uv_size": [0, 6.88]},
								"west": {"uv": [72.06, 0.06], "uv_size": [3.88, 6.88]},
								"up": {"uv": [72.06, -3.94], "uv_size": [0, 3.88]},
								"down": {"uv": [72.06, -0.06], "uv_size": [0, -3.88]}
							}
						}
					]
				},
				{
					"name": "crow",
					"pivot": [-1.88066, 27.24906, 3.6],
					"rotation": [0, 25, 0],
					"cubes": [
						{"origin": [-4.38066, 22.44906, 1.6], "size": [3.5, 6.8, 4], "pivot": [-2.88066, 27.24906, 3.9], "rotation": [0, 0, 2.5], "uv": [33, 47]},
						{
							"origin": [-3.88066, 26.24906, 2.4],
							"size": [6, 2, 2.5],
							"pivot": [-2.88066, 27.24906, 3.9],
							"rotation": [0, 0, 2.5],
							"uv": {
								"north": {"uv": [56.06, 43.06], "uv_size": [5.88, 2.88]},
								"east": {"uv": [54.06, 43.06], "uv_size": [1.88, 2.88]},
								"south": {"uv": [64.06, 43.06], "uv_size": [5.88, 2.88]},
								"west": {"uv": [62.06, 43.06], "uv_size": [1.88, 2.88]},
								"up": {"uv": [56.06, 41.06], "uv_size": [5.88, 1.88]},
								"down": {"uv": [62.06, 42.94], "uv_size": [5.88, -1.88]}
							}
						},
						{"origin": [-8, 18.1, 0.6], "size": [5, 9, 6], "pivot": [-6, 22.6, 3.6], "rotation": [0, 0, 62.5], "uv": [32, 32]},
						{"origin": [-8, 14.1, 0.6], "size": [1, 4, 6], "pivot": [-6, 22.6, 3.6], "rotation": [0, 0, 62.5], "uv": [48, 47]},
						{"origin": [-9.38796, 18.3156, -0.4], "size": [5, 8, 1], "pivot": [-6.88796, 22.8156, 3.6], "rotation": [0, 0, 77.5], "uv": [54, 32]},
						{"origin": [-9.38796, 18.3156, 6.6], "size": [5, 8, 1], "pivot": [-6.88796, 22.8156, 3.6], "rotation": [0, 0, 77.5], "uv": [24, 57]},
						{"origin": [-7, 16.1, 1], "size": [3, 0, 5.1], "pivot": [-6, 18.1, 4.6], "rotation": [0, 0, 0.5], "uv": [36, 57]},
						{"origin": [-7, 16.1, 1], "size": [0, 4, 5.1], "pivot": [-6, 18.1, 4.6], "rotation": [0, 0, 0.5], "uv": [52, 57]}
					]
				},
				{
					"name": "Candle",
					"pivot": [-10.54, 6.2, -11.51],
					"rotation": [0, -57.5, 0],
					"cubes": [
						{
							"origin": [-12.26, 6.98, -11.52],
							"size": [3.36, 3.84, 0],
							"uv": {
								"north": {"uv": [22.06, 68.06], "uv_size": [6.88, 7.88]},
								"east": {"uv": [22.06, 68.06], "uv_size": [-0.12, 7.88]},
								"south": {"uv": [29.06, 68.06], "uv_size": [6.88, 7.88]},
								"west": {"uv": [29.06, 68.06], "uv_size": [-0.12, 7.88]},
								"up": {"uv": [22.06, 67.94], "uv_size": [6.88, 0.12]},
								"down": {"uv": [29.06, 67.94], "uv_size": [6.88, 0.12]}
							}
						},
						{"origin": [-12, 0, -13], "size": [3, 7, 3], "uv": [12, 53]}
					]
				},
				{
					"name": "Candle2",
					"pivot": [-4.54, 4.7, -11.51],
					"rotation": [0, -57.5, 0],
					"cubes": [
						{
							"origin": [-6.26, 4.98, -11.52],
							"size": [3.36, 3.84, 0],
							"uv": {
								"north": {"uv": [22.06, 68.06], "uv_size": [6.88, 7.88]},